file,model,p,n,rho,alpha,method,mean,se
power_gaussian_p250_n120_rho0.5_b20_R20.csv,gaussian,250,120,0.5,-,BH,0.7852631578947369,0.022591280232807178
power_gaussian_p250_n120_rho0.5_b20_R20.csv,gaussian,250,120,0.5,-,BY,0.5121052631578947,0.032793139504202116
power_gaussian_p250_n120_rho0.5_b20_R20.csv,gaussian,250,120,0.5,-,LCT-B,0.8157894736842105,
power_gaussian_p250_n120_rho0.5_b20_R20.csv,gaussian,250,120,0.5,-,LCT-N,0.9002631578947369,0.014026587338143609
power_gaussian_p250_n120_rho0.5_b20_R20.csv,gaussian,250,120,0.5,0.05,BH,0.7089473684210527,0.027048255140358333
power_gaussian_p250_n120_rho0.5_b20_R20.csv,gaussian,250,120,0.5,0.05,BY,0.42947368421052634,0.032971157766998146
power_gaussian_p250_n120_rho0.5_b20_R20.csv,gaussian,250,120,0.5,0.05,LCT-B,0.7684210526315789,
power_gaussian_p250_n120_rho0.5_b20_R20.csv,gaussian,250,120,0.5,0.05,LCT-N,0.8721052631578947,0.016861571160750093
power_gaussian_p250_n120_rho0.6_b20_R20.csv,gaussian,250,120,0.6,-,BH,0.9723684210526317,0.005713107526467618
power_gaussian_p250_n120_rho0.6_b20_R20.csv,gaussian,250,120,0.6,-,BY,0.898421052631579,0.013077873011381571
power_gaussian_p250_n120_rho0.6_b20_R20.csv,gaussian,250,120,0.6,-,LCT-B,0.9736842105263158,
power_gaussian_p250_n120_rho0.6_b20_R20.csv,gaussian,250,120,0.6,-,LCT-N,0.9942105263157895,0.0017868646451933638
power_gaussian_p250_n120_rho0.6_b20_R20.csv,gaussian,250,120,0.6,0.05,BH,0.9555263157894738,0.0072795891862061915
power_gaussian_p250_n120_rho0.6_b20_R20.csv,gaussian,250,120,0.6,0.05,BY,0.8607894736842105,0.018165922188791785
power_gaussian_p250_n120_rho0.6_b20_R20.csv,gaussian,250,120,0.6,0.05,LCT-B,0.9736842105263158,
power_gaussian_p250_n120_rho0.6_b20_R20.csv,gaussian,250,120,0.6,0.05,LCT-N,0.99,0.0026426360504678945
power_gaussian_p250_n120_rho0.7_b20_R20.csv,gaussian,250,120,0.7,-,BH,0.999736842105263,0.0002631578947368374
power_gaussian_p250_n120_rho0.7_b20_R20.csv,gaussian,250,120,0.7,-,BY,0.9978947368421054,0.0007040590042736105
power_gaussian_p250_n120_rho0.7_b20_R20.csv,gaussian,250,120,0.7,-,LCT-B,1.0,
power_gaussian_p250_n120_rho0.7_b20_R20.csv,gaussian,250,120,0.7,-,LCT-N,1.0,0.0
power_gaussian_p250_n120_rho0.7_b20_R20.csv,gaussian,250,120,0.7,0.05,BH,0.9994736842105263,0.0003622353692693015
power_gaussian_p250_n120_rho0.7_b20_R20.csv,gaussian,250,120,0.7,0.05,BY,0.9955263157894738,0.0010298787504166844
power_gaussian_p250_n120_rho0.7_b20_R20.csv,gaussian,250,120,0.7,0.05,LCT-B,1.0,
power_gaussian_p250_n120_rho0.7_b20_R20.csv,gaussian,250,120,0.7,0.05,LCT-N,1.0,0.0
power_gaussian_p250_n120_rho0.8_b20_R20.csv,gaussian,250,120,0.8,-,BH,1.0,0.0
power_gaussian_p250_n120_rho0.8_b20_R20.csv,gaussian,250,120,0.8,-,BY,1.0,0.0
power_gaussian_p250_n120_rho0.8_b20_R20.csv,gaussian,250,120,0.8,-,LCT-B,1.0,
power_gaussian_p250_n120_rho0.8_b20_R20.csv,gaussian,250,120,0.8,-,LCT-N,1.0,0.0
power_gaussian_p250_n120_rho0.8_b20_R20.csv,gaussian,250,120,0.8,0.05,BH,1.0,0.0
power_gaussian_p250_n120_rho0.8_b20_R20.csv,gaussian,250,120,0.8,0.05,BY,1.0,0.0
power_gaussian_p250_n120_rho0.8_b20_R20.csv,gaussian,250,120,0.8,0.05,LCT-B,1.0,
power_gaussian_p250_n120_rho0.8_b20_R20.csv,gaussian,250,120,0.8,0.05,LCT-N,1.0,0.0
power_gaussian_p250_n200_rho0.5_b20_R20.csv,gaussian,250,200,0.5,-,BH,0.9815789473684211,0.00299438167594374
power_gaussian_p250_n200_rho0.5_b20_R20.csv,gaussian,250,200,0.5,-,BY,0.9163157894736843,0.010407221017518524
power_gaussian_p250_n200_rho0.5_b20_R20.csv,gaussian,250,200,0.5,-,LCT-B,0.9842105263157894,
power_gaussian_p250_n200_rho0.5_b20_R20.csv,gaussian,250,200,0.5,-,LCT-N,0.993421052631579,0.0020159373747843296
power_gaussian_p250_n200_rho0.5_b20_R20.csv,gaussian,250,200,0.5,0.05,BH,0.9694736842105263,0.004279218064781732
power_gaussian_p250_n200_rho0.5_b20_R20.csv,gaussian,250,200,0.5,0.05,BY,0.8876315789473684,0.013624817840070316
power_gaussian_p250_n200_rho0.5_b20_R20.csv,gaussian,250,200,0.5,0.05,LCT-B,0.9842105263157894,
power_gaussian_p250_n200_rho0.5_b20_R20.csv,gaussian,250,200,0.5,0.05,LCT-N,0.9886842105263158,0.002680296967790059
power_gaussian_p250_n200_rho0.6_b20_R20.csv,gaussian,250,200,0.6,-,BH,0.999736842105263,0.0002631578947368374
power_gaussian_p250_n200_rho0.6_b20_R20.csv,gaussian,250,200,0.6,-,BY,0.9976315789473684,0.0007117820031872259
power_gaussian_p250_n200_rho0.6_b20_R20.csv,gaussian,250,200,0.6,-,LCT-B,1.0,
power_gaussian_p250_n200_rho0.6_b20_R20.csv,gaussian,250,200,0.6,-,LCT-N,1.0,0.0
power_gaussian_p250_n200_rho0.6_b20_R20.csv,gaussian,250,200,0.6,0.05,BH,0.999736842105263,0.0002631578947368374
power_gaussian_p250_n200_rho0.6_b20_R20.csv,gaussian,250,200,0.6,0.05,BY,0.9963157894736842,0.0009430495584791766
power_gaussian_p250_n200_rho0.6_b20_R20.csv,gaussian,250,200,0.6,0.05,LCT-B,1.0,
power_gaussian_p250_n200_rho0.6_b20_R20.csv,gaussian,250,200,0.6,0.05,LCT-N,1.0,0.0
power_gaussian_p250_n200_rho0.7_b20_R20.csv,gaussian,250,200,0.7,-,BH,1.0,0.0
power_gaussian_p250_n200_rho0.7_b20_R20.csv,gaussian,250,200,0.7,-,BY,1.0,0.0
power_gaussian_p250_n200_rho0.7_b20_R20.csv,gaussian,250,200,0.7,-,LCT-B,1.0,
power_gaussian_p250_n200_rho0.7_b20_R20.csv,gaussian,250,200,0.7,-,LCT-N,1.0,0.0
power_gaussian_p250_n200_rho0.7_b20_R20.csv,gaussian,250,200,0.7,0.05,BH,1.0,0.0
power_gaussian_p250_n200_rho0.7_b20_R20.csv,gaussian,250,200,0.7,0.05,BY,1.0,0.0
power_gaussian_p250_n200_rho0.7_b20_R20.csv,gaussian,250,200,0.7,0.05,LCT-B,1.0,
power_gaussian_p250_n200_rho0.7_b20_R20.csv,gaussian,250,200,0.7,0.05,LCT-N,1.0,0.0
power_gaussian_p250_n200_rho0.8_b20_R20.csv,gaussian,250,200,0.8,-,BH,1.0,0.0
power_gaussian_p250_n200_rho0.8_b20_R20.csv,gaussian,250,200,0.8,-,BY,1.0,0.0
power_gaussian_p250_n200_rho0.8_b20_R20.csv,gaussian,250,200,0.8,-,LCT-B,1.0,
power_gaussian_p250_n200_rho0.8_b20_R20.csv,gaussian,250,200,0.8,-,LCT-N,1.0,0.0
power_gaussian_p250_n200_rho0.8_b20_R20.csv,gaussian,250,200,0.8,0.05,BH,1.0,0.0
power_gaussian_p250_n200_rho0.8_b20_R20.csv,gaussian,250,200,0.8,0.05,BY,1.0,0.0
power_gaussian_p250_n200_rho0.8_b20_R20.csv,gaussian,250,200,0.8,0.05,LCT-B,1.0,
power_gaussian_p250_n200_rho0.8_b20_R20.csv,gaussian,250,200,0.8,0.05,LCT-N,1.0,0.0
power_gaussian_p250_n80_rho0.5_b20_R20.csv,gaussian,250,80,0.5,-,BH,0.36421052631578943,0.04377173090364613
power_gaussian_p250_n80_rho0.5_b20_R20.csv,gaussian,250,80,0.5,-,BY,0.1321052631578947,0.022020348712021742
power_gaussian_p250_n80_rho0.5_b20_R20.csv,gaussian,250,80,0.5,-,LCT-B,0.1157894736842105,
power_gaussian_p250_n80_rho0.5_b20_R20.csv,gaussian,250,80,0.5,-,LCT-N,0.618421052631579,0.04723048553284386
power_gaussian_p250_n80_rho0.5_b20_R20.csv,gaussian,250,80,0.5,0.05,BH,0.2818421052631579,0.037056115660294583
power_gaussian_p250_n80_rho0.5_b20_R20.csv,gaussian,250,80,0.5,0.05,BY,0.0907894736842105,0.016585981008094598
power_gaussian_p250_n80_rho0.5_b20_R20.csv,gaussian,250,80,0.5,0.05,LCT-B,0.0842105263157894,
power_gaussian_p250_n80_rho0.5_b20_R20.csv,gaussian,250,80,0.5,0.05,LCT-N,0.5694736842105264,0.04836381055856902
power_gaussian_p250_n80_rho0.6_b20_R20.csv,gaussian,250,80,0.6,-,BH,0.7502631578947369,0.037289478082719076
power_gaussian_p250_n80_rho0.6_b20_R20.csv,gaussian,250,80,0.6,-,BY,0.5034210526315789,0.04833919824722707
power_gaussian_p250_n80_rho0.6_b20_R20.csv,gaussian,250,80,0.6,-,LCT-B,0.6105263157894737,
power_gaussian_p250_n80_rho0.6_b20_R20.csv,gaussian,250,80,0.6,-,LCT-N,0.9047368421052632,0.02357129129760101
power_gaussian_p250_n80_rho0.6_b20_R20.csv,gaussian,250,80,0.6,0.05,BH,0.6826315789473684,0.04301154159417708
power_gaussian_p250_n80_rho0.6_b20_R20.csv,gaussian,250,80,0.6,0.05,BY,0.4336842105263158,0.04626508178617162
power_gaussian_p250_n80_rho0.6_b20_R20.csv,gaussian,250,80,0.6,0.05,LCT-B,0.5631578947368421,
power_gaussian_p250_n80_rho0.6_b20_R20.csv,gaussian,250,80,0.6,0.05,LCT-N,0.8805263157894737,0.026891486812427125
power_gaussian_p250_n80_rho0.7_b20_R20.csv,gaussian,250,80,0.7,-,BH,0.9594736842105263,0.011053950587434552
power_gaussian_p250_n80_rho0.7_b20_R20.csv,gaussian,250,80,0.7,-,BY,0.8713157894736842,0.029587421524448085
power_gaussian_p250_n80_rho0.7_b20_R20.csv,gaussian,250,80,0.7,-,LCT-B,0.9789473684210528,
power_gaussian_p250_n80_rho0.7_b20_R20.csv,gaussian,250,80,0.7,-,LCT-N,0.9944736842105264,0.0019271995913898486
power_gaussian_p250_n80_rho0.7_b20_R20.csv,gaussian,250,80,0.7,0.05,BH,0.9376315789473685,0.016793016238078183
power_gaussian_p250_n80_rho0.7_b20_R20.csv,gaussian,250,80,0.7,0.05,BY,0.8328947368421054,0.033267144033397214
power_gaussian_p250_n80_rho0.7_b20_R20.csv,gaussian,250,80,0.7,0.05,LCT-B,0.936842105263158,
power_gaussian_p250_n80_rho0.7_b20_R20.csv,gaussian,250,80,0.7,0.05,LCT-N,0.9907894736842107,0.00319176206726583
power_gaussian_p250_n80_rho0.8_b20_R20.csv,gaussian,250,80,0.8,-,BH,0.9981578947368421,0.001162857659199568
power_gaussian_p250_n80_rho0.8_b20_R20.csv,gaussian,250,80,0.8,-,BY,0.9926315789473683,0.002867537793818847
power_gaussian_p250_n80_rho0.8_b20_R20.csv,gaussian,250,80,0.8,-,LCT-B,1.0,
power_gaussian_p250_n80_rho0.8_b20_R20.csv,gaussian,250,80,0.8,-,LCT-N,0.999736842105263,0.0002631578947368374
power_gaussian_p250_n80_rho0.8_b20_R20.csv,gaussian,250,80,0.8,0.05,BH,0.9973684210526315,0.0016423112307791226
power_gaussian_p250_n80_rho0.8_b20_R20.csv,gaussian,250,80,0.8,0.05,BY,0.9905263157894737,0.0034279708441686944
power_gaussian_p250_n80_rho0.8_b20_R20.csv,gaussian,250,80,0.8,0.05,LCT-B,0.9947368421052633,
power_gaussian_p250_n80_rho0.8_b20_R20.csv,gaussian,250,80,0.8,0.05,LCT-N,0.9994736842105263,0.0003622353692693015
power_nmix_p250_n120_rho0.5_b20_R20.csv,nmix,250,120,0.5,-,BH,0.8123684210526315,0.026832258799088512
power_nmix_p250_n120_rho0.5_b20_R20.csv,nmix,250,120,0.5,-,BY,0.5439473684210526,0.04126105731269263
power_nmix_p250_n120_rho0.5_b20_R20.csv,nmix,250,120,0.5,-,LCT-B,0.3263157894736842,
power_nmix_p250_n120_rho0.5_b20_R20.csv,nmix,250,120,0.5,-,LCT-N,0.5521052631578948,0.04617755119259702
power_nmix_p250_n120_rho0.5_b20_R20.csv,nmix,250,120,0.5,0.05,BH,0.7323684210526316,0.0331758624316356
power_nmix_p250_n120_rho0.5_b20_R20.csv,nmix,250,120,0.5,0.05,BY,0.47526315789473683,0.04053890512089148
power_nmix_p250_n120_rho0.5_b20_R20.csv,nmix,250,120,0.5,0.05,LCT-B,0.1842105263157894,
power_nmix_p250_n120_rho0.5_b20_R20.csv,nmix,250,120,0.5,0.05,LCT-N,0.5147368421052632,0.046159709310915
power_nmix_p250_n120_rho0.6_b20_R20.csv,nmix,250,120,0.6,-,BH,0.9557894736842105,0.009087223735761854
power_nmix_p250_n120_rho0.6_b20_R20.csv,nmix,250,120,0.6,-,BY,0.8268421052631579,0.02566196075460922
power_nmix_p250_n120_rho0.6_b20_R20.csv,nmix,250,120,0.6,-,LCT-B,0.7210526315789474,
power_nmix_p250_n120_rho0.6_b20_R20.csv,nmix,250,120,0.6,-,LCT-N,0.8726315789473684,0.022835198159140126
power_nmix_p250_n120_rho0.6_b20_R20.csv,nmix,250,120,0.6,0.05,BH,0.9228947368421053,0.014460583343093037
power_nmix_p250_n120_rho0.6_b20_R20.csv,nmix,250,120,0.6,0.05,BY,0.7844736842105263,0.03102814894765164
power_nmix_p250_n120_rho0.6_b20_R20.csv,nmix,250,120,0.6,0.05,LCT-B,0.6473684210526316,
power_nmix_p250_n120_rho0.6_b20_R20.csv,nmix,250,120,0.6,0.05,LCT-N,0.8489473684210527,0.025368260134430606
power_nmix_p250_n120_rho0.7_b20_R20.csv,nmix,250,120,0.7,-,BH,0.9981578947368421,0.0006909955503194606
power_nmix_p250_n120_rho0.7_b20_R20.csv,nmix,250,120,0.7,-,BY,0.9757894736842105,0.005445591664954865
power_nmix_p250_n120_rho0.7_b20_R20.csv,nmix,250,120,0.7,-,LCT-B,0.9578947368421052,
power_nmix_p250_n120_rho0.7_b20_R20.csv,nmix,250,120,0.7,-,LCT-N,0.990263157894737,0.0022997112466675617
power_nmix_p250_n120_rho0.7_b20_R20.csv,nmix,250,120,0.7,0.05,BH,0.993421052631579,0.0016588727713587963
power_nmix_p250_n120_rho0.7_b20_R20.csv,nmix,250,120,0.7,0.05,BY,0.9655263157894737,0.007438085794068538
power_nmix_p250_n120_rho0.7_b20_R20.csv,nmix,250,120,0.7,0.05,LCT-B,0.936842105263158,
power_nmix_p250_n120_rho0.7_b20_R20.csv,nmix,250,120,0.7,0.05,LCT-N,0.9847368421052632,0.0031923329933176633
power_nmix_p250_n120_rho0.8_b20_R20.csv,nmix,250,120,0.8,-,BH,1.0,0.0
power_nmix_p250_n120_rho0.8_b20_R20.csv,nmix,250,120,0.8,-,BY,0.9994736842105263,0.0003622353692693015
power_nmix_p250_n120_rho0.8_b20_R20.csv,nmix,250,120,0.8,-,LCT-B,1.0,
power_nmix_p250_n120_rho0.8_b20_R20.csv,nmix,250,120,0.8,-,LCT-N,1.0,0.0
power_nmix_p250_n120_rho0.8_b20_R20.csv,nmix,250,120,0.8,0.05,BH,1.0,0.0
power_nmix_p250_n120_rho0.8_b20_R20.csv,nmix,250,120,0.8,0.05,BY,0.9992105263157894,0.00043114632732058457
power_nmix_p250_n120_rho0.8_b20_R20.csv,nmix,250,120,0.8,0.05,LCT-B,1.0,
power_nmix_p250_n120_rho0.8_b20_R20.csv,nmix,250,120,0.8,0.05,LCT-N,0.999736842105263,0.0002631578947368374
power_nmix_p250_n200_rho0.5_b20_R20.csv,nmix,250,200,0.5,-,BH,0.9715789473684211,0.00811241904497885
power_nmix_p250_n200_rho0.5_b20_R20.csv,nmix,250,200,0.5,-,BY,0.8613157894736843,0.023024910918757913
power_nmix_p250_n200_rho0.5_b20_R20.csv,nmix,250,200,0.5,-,LCT-B,0.631578947368421,
power_nmix_p250_n200_rho0.5_b20_R20.csv,nmix,250,200,0.5,-,LCT-N,0.86,0.028989895731563072
power_nmix_p250_n200_rho0.5_b20_R20.csv,nmix,250,200,0.5,0.05,BH,0.9436842105263159,0.013456988443901457
power_nmix_p250_n200_rho0.5_b20_R20.csv,nmix,250,200,0.5,0.05,BY,0.8273684210526315,0.02668057420299871
power_nmix_p250_n200_rho0.5_b20_R20.csv,nmix,250,200,0.5,0.05,LCT-B,0.5947368421052631,
power_nmix_p250_n200_rho0.5_b20_R20.csv,nmix,250,200,0.5,0.05,LCT-N,0.8244736842105264,0.03038911521204186
power_nmix_p250_n200_rho0.6_b20_R20.csv,nmix,250,200,0.6,-,BH,0.9957894736842106,0.0020419853178927495
power_nmix_p250_n200_rho0.6_b20_R20.csv,nmix,250,200,0.6,-,BY,0.9871052631578948,0.004621163685967974
power_nmix_p250_n200_rho0.6_b20_R20.csv,nmix,250,200,0.6,-,LCT-B,0.9421052631578948,
power_nmix_p250_n200_rho0.6_b20_R20.csv,nmix,250,200,0.6,-,LCT-N,0.9876315789473684,0.004711768046923254
power_nmix_p250_n200_rho0.6_b20_R20.csv,nmix,250,200,0.6,0.05,BH,0.9955263157894738,0.0020303499792036273
power_nmix_p250_n200_rho0.6_b20_R20.csv,nmix,250,200,0.6,0.05,BY,0.9776315789473685,0.007273578377348414
power_nmix_p250_n200_rho0.6_b20_R20.csv,nmix,250,200,0.6,0.05,LCT-B,0.9210526315789472,
power_nmix_p250_n200_rho0.6_b20_R20.csv,nmix,250,200,0.6,0.05,LCT-N,0.983157894736842,0.006642079362171885
power_nmix_p250_n200_rho0.7_b20_R20.csv,nmix,250,200,0.7,-,BH,1.0,0.0
power_nmix_p250_n200_rho0.7_b20_R20.csv,nmix,250,200,0.7,-,BY,0.9994736842105263,0.0003622353692693015
power_nmix_p250_n200_rho0.7_b20_R20.csv,nmix,250,200,0.7,-,LCT-B,1.0,
power_nmix_p250_n200_rho0.7_b20_R20.csv,nmix,250,200,0.7,-,LCT-N,0.999736842105263,0.0002631578947368374
power_nmix_p250_n200_rho0.7_b20_R20.csv,nmix,250,200,0.7,0.05,BH,1.0,0.0
power_nmix_p250_n200_rho0.7_b20_R20.csv,nmix,250,200,0.7,0.05,BY,0.9981578947368421,0.0008769621118158783
power_nmix_p250_n200_rho0.7_b20_R20.csv,nmix,250,200,0.7,0.05,LCT-B,1.0,
power_nmix_p250_n200_rho0.7_b20_R20.csv,nmix,250,200,0.7,0.05,LCT-N,0.9994736842105263,0.0005263157894736804
power_nmix_p250_n200_rho0.8_b20_R20.csv,nmix,250,200,0.8,-,BH,1.0,0.0
power_nmix_p250_n200_rho0.8_b20_R20.csv,nmix,250,200,0.8,-,BY,1.0,0.0
power_nmix_p250_n200_rho0.8_b20_R20.csv,nmix,250,200,0.8,-,LCT-B,1.0,
power_nmix_p250_n200_rho0.8_b20_R20.csv,nmix,250,200,0.8,-,LCT-N,1.0,0.0
power_nmix_p250_n200_rho0.8_b20_R20.csv,nmix,250,200,0.8,0.05,BH,1.0,0.0
power_nmix_p250_n200_rho0.8_b20_R20.csv,nmix,250,200,0.8,0.05,BY,1.0,0.0
power_nmix_p250_n200_rho0.8_b20_R20.csv,nmix,250,200,0.8,0.05,LCT-B,1.0,
power_nmix_p250_n200_rho0.8_b20_R20.csv,nmix,250,200,0.8,0.05,LCT-N,1.0,0.0
power_nmix_p250_n80_rho0.5_b20_R20.csv,nmix,250,80,0.5,-,BH,0.605,0.029949841433558878
power_nmix_p250_n80_rho0.5_b20_R20.csv,nmix,250,80,0.5,-,BY,0.26947368421052625,0.028569939352603806
power_nmix_p250_n80_rho0.5_b20_R20.csv,nmix,250,80,0.5,-,LCT-B,0.131578947368421,
power_nmix_p250_n80_rho0.5_b20_R20.csv,nmix,250,80,0.5,-,LCT-N,0.2963157894736842,0.03640240183434243
power_nmix_p250_n80_rho0.5_b20_R20.csv,nmix,250,80,0.5,0.05,BH,0.47184210526315784,0.030355513659066267
power_nmix_p250_n80_rho0.5_b20_R20.csv,nmix,250,80,0.5,0.05,BY,0.2107894736842105,0.02757242051290858
power_nmix_p250_n80_rho0.5_b20_R20.csv,nmix,250,80,0.5,0.05,LCT-B,0.0526315789473684,
power_nmix_p250_n80_rho0.5_b20_R20.csv,nmix,250,80,0.5,0.05,LCT-N,0.2663157894736842,0.03488969977390829
power_nmix_p250_n80_rho0.6_b20_R20.csv,nmix,250,80,0.6,-,BH,0.8236842105263158,0.021002363810060702
power_nmix_p250_n80_rho0.6_b20_R20.csv,nmix,250,80,0.6,-,BY,0.5352631578947369,0.0357089284299678
power_nmix_p250_n80_rho0.6_b20_R20.csv,nmix,250,80,0.6,-,LCT-B,0.4736842105263157,
power_nmix_p250_n80_rho0.6_b20_R20.csv,nmix,250,80,0.6,-,LCT-N,0.6344736842105263,0.04004203033102909
power_nmix_p250_n80_rho0.6_b20_R20.csv,nmix,250,80,0.6,0.05,BH,0.735,0.026772423267539137
power_nmix_p250_n80_rho0.6_b20_R20.csv,nmix,250,80,0.6,0.05,BY,0.4594736842105263,0.0354795526845619
power_nmix_p250_n80_rho0.6_b20_R20.csv,nmix,250,80,0.6,0.05,LCT-B,0.3263157894736842,
power_nmix_p250_n80_rho0.6_b20_R20.csv,nmix,250,80,0.6,0.05,LCT-N,0.591578947368421,0.040752865352111714
power_nmix_p250_n80_rho0.7_b20_R20.csv,nmix,250,80,0.7,-,BH,0.9605263157894737,0.007056103664284241
power_nmix_p250_n80_rho0.7_b20_R20.csv,nmix,250,80,0.7,-,BY,0.8189473684210526,0.024770119656906505
power_nmix_p250_n80_rho0.7_b20_R20.csv,nmix,250,80,0.7,-,LCT-B,0.8421052631578947,
power_nmix_p250_n80_rho0.7_b20_R20.csv,nmix,250,80,0.7,-,LCT-N,0.9005263157894736,0.019847427958283793
power_nmix_p250_n80_rho0.7_b20_R20.csv,nmix,250,80,0.7,0.05,BH,0.9255263157894736,0.013256005414344216
power_nmix_p250_n80_rho0.7_b20_R20.csv,nmix,250,80,0.7,0.05,BY,0.7789473684210526,0.028883081473293572
power_nmix_p250_n80_rho0.7_b20_R20.csv,nmix,250,80,0.7,0.05,LCT-B,0.7894736842105263,
power_nmix_p250_n80_rho0.7_b20_R20.csv,nmix,250,80,0.7,0.05,LCT-N,0.8860526315789474,0.02185211531795878
power_nmix_p250_n80_rho0.8_b20_R20.csv,nmix,250,80,0.8,-,BH,0.9986842105263157,0.0005228417198940867
power_nmix_p250_n80_rho0.8_b20_R20.csv,nmix,250,80,0.8,-,BY,0.9752631578947369,0.005454954103810192
power_nmix_p250_n80_rho0.8_b20_R20.csv,nmix,250,80,0.8,-,LCT-B,0.9894736842105264,
power_nmix_p250_n80_rho0.8_b20_R20.csv,nmix,250,80,0.8,-,LCT-N,0.9942105263157895,0.002122505568364602
power_nmix_p250_n80_rho0.8_b20_R20.csv,nmix,250,80,0.8,0.05,BH,0.9926315789473683,0.0021052631578947372
power_nmix_p250_n80_rho0.8_b20_R20.csv,nmix,250,80,0.8,0.05,BY,0.9657894736842106,0.006993842708849532
power_nmix_p250_n80_rho0.8_b20_R20.csv,nmix,250,80,0.8,0.05,LCT-B,0.9842105263157894,
power_nmix_p250_n80_rho0.8_b20_R20.csv,nmix,250,80,0.8,0.05,LCT-N,0.9926315789473685,0.002600929549984597
