model,x_model,p,n1,n2,seed,t_lct_0.05,R_lct_0.05,fdp_lct_0.05,any_reject_lct_0.05,R_over_M_lct_0.05,t_lct_0.10,R_lct_0.10,fdp_lct_0.10,any_reject_lct_0.10,R_over_M_lct_0.10,t_lctb_0.05_B50,R_lctb_0.05_B50,fdp_lctb_0.05_B50,any_reject_lctb_0.05_B50,R_over_M_lctb_0.05_B50,t_lctb_0.10_B50,R_lctb_0.10_B50,fdp_lctb_0.10_B50,any_reject_lctb_0.10_B50,R_over_M_lctb_0.10_B50,lctb_B50_wall_time_s,t_lctb_0.05_B100,R_lctb_0.05_B100,fdp_lctb_0.05_B100,any_reject_lctb_0.05_B100,R_over_M_lctb_0.05_B100,t_lctb_0.10_B100,R_lctb_0.10_B100,fdp_lctb_0.10_B100,any_reject_lctb_0.10_B100,R_over_M_lctb_0.10_B100,lctb_B100_wall_time_s,t_lctb_0.05_B200,R_lctb_0.05_B200,fdp_lctb_0.05_B200,any_reject_lctb_0.05_B200,R_over_M_lctb_0.05_B200,t_lctb_0.10_B200,R_lctb_0.10_B200,fdp_lctb_0.10_B200,any_reject_lctb_0.10_B200,R_over_M_lctb_0.10_B200,lctb_B200_wall_time_s,wall_time_s
exp,exp,250,80,80,0,inf,0,0.0,0,0.0,inf,0,0.0,0,0.0,inf,0,0.0,0,0.0,inf,0,0.0,0,0.0,0.935311131999697,inf,0,0.0,0,0.0,inf,0,0.0,0,0.0,1.2797007449999,inf,0,0.0,0,0.0,inf,0,0.0,0,0.0,2.2363815999997314,4.467261603000225
exp,exp,250,80,80,1,inf,0,0.0,0,0.0,inf,0,0.0,0,0.0,inf,0,0.0,0,0.0,inf,0,0.0,0,0.0,0.8671853390005708,inf,0,0.0,0,0.0,inf,0,0.0,0,0.0,1.1771524589994442,inf,0,0.0,0,0.0,inf,0,0.0,0,0.0,1.9650875899997118,4.024142234000465
exp,exp,250,80,80,2,inf,0,0.0,0,0.0,inf,0,0.0,0,0.0,inf,0,0.0,0,0.0,3.6028497570571902,3,1.0,1,9.63855421686747e-05,0.8734826999998404,inf,0,0.0,0,0.0,inf,0,0.0,0,0.0,1.1896901540003455,inf,0,0.0,0,0.0,inf,0,0.0,0,0.0,1.894201195000278,3.9720765480005866
exp,exp,250,80,80,3,inf,0,0.0,0,0.0,inf,0,0.0,0,0.0,inf,0,0.0,0,0.0,inf,0,0.0,0,0.0,1.264177949000441,inf,0,0.0,0,0.0,inf,0,0.0,0,0.0,1.317846181999812,inf,0,0.0,0,0.0,inf,0,0.0,0,0.0,2.016088944999865,4.612878904000354
exp,exp,250,80,80,4,inf,0,0.0,0,0.0,inf,0,0.0,0,0.0,inf,0,0.0,0,0.0,4.435507267654198,1,1.0,1,3.21285140562249e-05,0.879109427000003,inf,0,0.0,0,0.0,4.435507267654198,1,1.0,1,3.21285140562249e-05,1.132115252999938,inf,0,0.0,0,0.0,inf,0,0.0,0,0.0,1.9607279600004404,3.9866652669998075
exp,exp,250,80,80,5,inf,0,0.0,0,0.0,inf,0,0.0,0,0.0,inf,0,0.0,0,0.0,inf,0,0.0,0,0.0,0.9293698700003006,inf,0,0.0,0,0.0,inf,0,0.0,0,0.0,1.3856706159995156,inf,0,0.0,0,0.0,inf,0,0.0,0,0.0,2.175375711000015,4.505084422999971
exp,exp,250,80,80,6,inf,0,0.0,0,0.0,inf,0,0.0,0,0.0,inf,0,0.0,0,0.0,inf,0,0.0,0,0.0,0.8683442460005608,inf,0,0.0,0,0.0,inf,0,0.0,0,0.0,1.2798334590006561,inf,0,0.0,0,0.0,inf,0,0.0,0,0.0,2.1023229960001117,4.2652670400002535
exp,exp,250,80,80,7,inf,0,0.0,0,0.0,inf,0,0.0,0,0.0,inf,0,0.0,0,0.0,inf,0,0.0,0,0.0,0.9058727290002935,inf,0,0.0,0,0.0,inf,0,0.0,0,0.0,1.350181521000195,inf,0,0.0,0,0.0,inf,0,0.0,0,0.0,2.169772870000088,4.442455678000442
exp,exp,250,80,80,8,inf,0,0.0,0,0.0,inf,0,0.0,0,0.0,inf,0,0.0,0,0.0,inf,0,0.0,0,0.0,0.9115641070002312,inf,0,0.0,0,0.0,inf,0,0.0,0,0.0,1.2663789700000052,inf,0,0.0,0,0.0,inf,0,0.0,0,0.0,2.2171342159999767,4.40978879999966
exp,exp,250,80,80,9,inf,0,0.0,0,0.0,inf,0,0.0,0,0.0,inf,0,0.0,0,0.0,inf,0,0.0,0,0.0,0.8572002910004812,inf,0,0.0,0,0.0,inf,0,0.0,0,0.0,1.1990892110006826,inf,0,0.0,0,0.0,inf,0,0.0,0,0.0,2.3018764790003843,4.37265319800008
exp,exp,250,80,80,10,inf,0,0.0,0,0.0,inf,0,0.0,0,0.0,inf,0,0.0,0,0.0,inf,0,0.0,0,0.0,1.0326319010000589,inf,0,0.0,0,0.0,inf,0,0.0,0,0.0,1.1890712179992988,inf,0,0.0,0,0.0,inf,0,0.0,0,0.0,2.1902591210000537,4.426680267999473
exp,exp,250,80,80,11,inf,0,0.0,0,0.0,inf,0,0.0,0,0.0,inf,0,0.0,0,0.0,inf,0,0.0,0,0.0,0.931431289000102,inf,0,0.0,0,0.0,4.343764956847909,1,1.0,1,3.21285140562249e-05,1.171659751000334,inf,0,0.0,0,0.0,inf,0,0.0,0,0.0,2.0860714339996775,4.203920998000285
exp,exp,250,80,80,12,inf,0,0.0,0,0.0,inf,0,0.0,0,0.0,inf,0,0.0,0,0.0,inf,0,0.0,0,0.0,0.9084752099997786,inf,0,0.0,0,0.0,inf,0,0.0,0,0.0,1.3670877929998824,inf,0,0.0,0,0.0,inf,0,0.0,0,0.0,2.186437556000783,4.476703658999213
exp,exp,250,80,80,13,inf,0,0.0,0,0.0,inf,0,0.0,0,0.0,inf,0,0.0,0,0.0,inf,0,0.0,0,0.0,0.9119394180006566,inf,0,0.0,0,0.0,inf,0,0.0,0,0.0,1.273609660999682,inf,0,0.0,0,0.0,inf,0,0.0,0,0.0,2.2081942129998424,4.410188983999433
exp,exp,250,80,80,14,inf,0,0.0,0,0.0,inf,0,0.0,0,0.0,inf,0,0.0,0,0.0,inf,0,0.0,0,0.0,0.8693006809999133,inf,0,0.0,0,0.0,inf,0,0.0,0,0.0,1.3050416430005498,inf,0,0.0,0,0.0,inf,0,0.0,0,0.0,2.298428762000185,4.487443349000387
exp,exp,250,80,80,15,inf,0,0.0,0,0.0,inf,0,0.0,0,0.0,inf,0,0.0,0,0.0,inf,0,0.0,0,0.0,0.9037514210003792,inf,0,0.0,0,0.0,inf,0,0.0,0,0.0,1.1841326979993028,inf,0,0.0,0,0.0,inf,0,0.0,0,0.0,2.1807534039999155,4.283121845000096
exp,exp,250,80,80,16,inf,0,0.0,0,0.0,inf,0,0.0,0,0.0,inf,0,0.0,0,0.0,inf,0,0.0,0,0.0,0.9390397160004795,inf,0,0.0,0,0.0,inf,0,0.0,0,0.0,1.2003471600000921,inf,0,0.0,0,0.0,inf,0,0.0,0,0.0,2.1961587460000374,4.350173922000067
exp,exp,250,80,80,17,inf,0,0.0,0,0.0,inf,0,0.0,0,0.0,inf,0,0.0,0,0.0,inf,0,0.0,0,0.0,0.8707792519999202,inf,0,0.0,0,0.0,inf,0,0.0,0,0.0,1.4952189780005938,inf,0,0.0,0,0.0,inf,0,0.0,0,0.0,2.1147684409997964,4.495716332000484
exp,exp,250,80,80,18,inf,0,0.0,0,0.0,inf,0,0.0,0,0.0,inf,0,0.0,0,0.0,inf,0,0.0,0,0.0,0.908105801999227,inf,0,0.0,0,0.0,inf,0,0.0,0,0.0,1.182675246999679,inf,0,0.0,0,0.0,inf,0,0.0,0,0.0,2.1933393119998073,4.298829383000339
exp,exp,250,80,80,19,inf,0,0.0,0,0.0,inf,0,0.0,0,0.0,inf,0,0.0,0,0.0,inf,0,0.0,0,0.0,0.8985025800002404,inf,0,0.0,0,0.0,inf,0,0.0,0,0.0,1.2803448449994903,inf,0,0.0,0,0.0,inf,0,0.0,0,0.0,2.317116191000423,4.510391805000836
exp,exp,250,80,80,20,inf,0,0.0,0,0.0,inf,0,0.0,0,0.0,inf,0,0.0,0,0.0,inf,0,0.0,0,0.0,0.861271377999401,inf,0,0.0,0,0.0,inf,0,0.0,0,0.0,1.2931340820005062,inf,0,0.0,0,0.0,inf,0,0.0,0,0.0,2.1037723609997556,4.285269201000119
exp,exp,250,80,80,21,inf,0,0.0,0,0.0,inf,0,0.0,0,0.0,inf,0,0.0,0,0.0,inf,0,0.0,0,0.0,0.9178994550002244,inf,0,0.0,0,0.0,inf,0,0.0,0,0.0,1.3449520280000797,inf,0,0.0,0,0.0,inf,0,0.0,0,0.0,2.159873763000178,4.437271271999634
exp,exp,250,80,80,22,inf,0,0.0,0,0.0,inf,0,0.0,0,0.0,inf,0,0.0,0,0.0,inf,0,0.0,0,0.0,0.9104086699999243,inf,0,0.0,0,0.0,inf,0,0.0,0,0.0,1.2304902260002564,inf,0,0.0,0,0.0,inf,0,0.0,0,0.0,2.2140936599998895,4.395070009999472
exp,exp,250,80,80,23,inf,0,0.0,0,0.0,inf,0,0.0,0,0.0,inf,0,0.0,0,0.0,inf,0,0.0,0,0.0,0.8604345980002108,inf,0,0.0,0,0.0,inf,0,0.0,0,0.0,1.309570956999778,inf,0,0.0,0,0.0,inf,0,0.0,0,0.0,2.209676846000548,4.394772162999288
exp,exp,250,80,80,24,inf,0,0.0,0,0.0,inf,0,0.0,0,0.0,inf,0,0.0,0,0.0,inf,0,0.0,0,0.0,0.9450711620002039,inf,0,0.0,0,0.0,inf,0,0.0,0,0.0,1.3627159340003345,inf,0,0.0,0,0.0,inf,0,0.0,0,0.0,2.2480320220001886,4.571281324000665
exp,exp,250,80,80,25,inf,0,0.0,0,0.0,inf,0,0.0,0,0.0,inf,0,0.0,0,0.0,inf,0,0.0,0,0.0,0.9058392449996973,inf,0,0.0,0,0.0,inf,0,0.0,0,0.0,1.2187206759999754,inf,0,0.0,0,0.0,inf,0,0.0,0,0.0,2.1109373460003553,4.249932566999632
exp,exp,250,80,80,26,inf,0,0.0,0,0.0,inf,0,0.0,0,0.0,inf,0,0.0,0,0.0,inf,0,0.0,0,0.0,0.9402606459998424,inf,0,0.0,0,0.0,inf,0,0.0,0,0.0,1.3890445729994099,inf,0,0.0,0,0.0,inf,0,0.0,0,0.0,2.241947692999929,4.587495204999868
exp,exp,250,80,80,27,inf,0,0.0,0,0.0,inf,0,0.0,0,0.0,inf,0,0.0,0,0.0,inf,0,0.0,0,0.0,0.8670411729999614,inf,0,0.0,0,0.0,inf,0,0.0,0,0.0,1.3413874679999935,inf,0,0.0,0,0.0,inf,0,0.0,0,0.0,2.18598181499965,4.412496173999898
exp,exp,250,80,80,28,inf,0,0.0,0,0.0,inf,0,0.0,0,0.0,inf,0,0.0,0,0.0,inf,0,0.0,0,0.0,0.8788482059999296,inf,0,0.0,0,0.0,inf,0,0.0,0,0.0,1.3545311299994864,inf,0,0.0,0,0.0,inf,0,0.0,0,0.0,2.276010118999693,4.539873427999737
exp,exp,250,80,80,29,inf,0,0.0,0,0.0,inf,0,0.0,0,0.0,inf,0,0.0,0,0.0,inf,0,0.0,0,0.0,0.8936435169998731,inf,0,0.0,0,0.0,inf,0,0.0,0,0.0,1.214435124999909,inf,0,0.0,0,0.0,inf,0,0.0,0,0.0,2.2268175050003265,4.349611188999916
exp,exp,250,80,80,30,inf,0,0.0,0,0.0,inf,0,0.0,0,0.0,inf,0,0.0,0,0.0,4.394675431250707,1,1.0,1,3.21285140562249e-05,0.9388049950002824,inf,0,0.0,0,0.0,inf,0,0.0,0,0.0,1.2295509210007367,inf,0,0.0,0,0.0,inf,0,0.0,0,0.0,2.135406231000161,4.336890737000431
exp,exp,250,80,80,31,inf,0,0.0,0,0.0,inf,0,0.0,0,0.0,inf,0,0.0,0,0.0,inf,0,0.0,0,0.0,0.9356723769997188,inf,0,0.0,0,0.0,inf,0,0.0,0,0.0,1.4154445459998897,inf,0,0.0,0,0.0,inf,0,0.0,0,0.0,2.1557531060007022,4.521407119000287
exp,exp,250,80,80,32,inf,0,0.0,0,0.0,inf,0,0.0,0,0.0,4.505008084076971,1,1.0,1,3.21285140562249e-05,4.505008084076971,1,1.0,1,3.21285140562249e-05,0.8887589500000104,4.505008084076971,1,1.0,1,3.21285140562249e-05,4.505008084076971,1,1.0,1,3.21285140562249e-05,1.2531088559999262,inf,0,0.0,0,0.0,4.505008084076971,1,1.0,1,3.21285140562249e-05,2.120141935999527,4.2766033570005675
exp,exp,250,80,80,33,inf,0,0.0,0,0.0,inf,0,0.0,0,0.0,inf,0,0.0,0,0.0,inf,0,0.0,0,0.0,1.017136679000032,inf,0,0.0,0,0.0,inf,0,0.0,0,0.0,1.1804287909999402,inf,0,0.0,0,0.0,inf,0,0.0,0,0.0,2.339810510999996,4.551771908000774
exp,exp,250,80,80,34,inf,0,0.0,0,0.0,inf,0,0.0,0,0.0,inf,0,0.0,0,0.0,inf,0,0.0,0,0.0,0.9492564000001948,inf,0,0.0,0,0.0,inf,0,0.0,0,0.0,1.217850134999935,inf,0,0.0,0,0.0,inf,0,0.0,0,0.0,2.0972478319999937,4.27909462900061
exp,exp,250,80,80,35,inf,0,0.0,0,0.0,inf,0,0.0,0,0.0,inf,0,0.0,0,0.0,inf,0,0.0,0,0.0,0.9517348420004055,inf,0,0.0,0,0.0,inf,0,0.0,0,0.0,1.3755218109999987,inf,0,0.0,0,0.0,inf,0,0.0,0,0.0,2.1477408099999593,4.48966239299989
exp,exp,250,80,80,36,inf,0,0.0,0,0.0,inf,0,0.0,0,0.0,inf,0,0.0,0,0.0,inf,0,0.0,0,0.0,1.0444054500003404,inf,0,0.0,0,0.0,inf,0,0.0,0,0.0,1.3321263500001805,inf,0,0.0,0,0.0,inf,0,0.0,0,0.0,2.1887498440000854,4.580163466999693
exp,exp,250,80,80,37,inf,0,0.0,0,0.0,inf,0,0.0,0,0.0,inf,0,0.0,0,0.0,inf,0,0.0,0,0.0,0.8642519459999676,inf,0,0.0,0,0.0,inf,0,0.0,0,0.0,1.2546141929997248,inf,0,0.0,0,0.0,inf,0,0.0,0,0.0,2.429409131000284,4.562714728000174
exp,exp,250,80,80,38,inf,0,0.0,0,0.0,inf,0,0.0,0,0.0,inf,0,0.0,0,0.0,inf,0,0.0,0,0.0,0.8722650950003299,inf,0,0.0,0,0.0,inf,0,0.0,0,0.0,1.330068348000168,inf,0,0.0,0,0.0,inf,0,0.0,0,0.0,2.2921991619996334,4.521754731000328
exp,exp,250,80,80,39,4.859292052532015,1,1.0,1,3.21285140562249e-05,4.859292052532015,1,1.0,1,3.21285140562249e-05,4.859292052532015,1,1.0,1,3.21285140562249e-05,4.859292052532015,1,1.0,1,3.21285140562249e-05,0.898613908999323,4.859292052532015,1,1.0,1,3.21285140562249e-05,4.859292052532015,1,1.0,1,3.21285140562249e-05,1.2410330200000317,4.859292052532015,1,1.0,1,3.21285140562249e-05,4.859292052532015,1,1.0,1,3.21285140562249e-05,2.0944782189999387,4.248916472999554
exp,exp,250,80,80,40,inf,0,0.0,0,0.0,inf,0,0.0,0,0.0,inf,0,0.0,0,0.0,inf,0,0.0,0,0.0,1.0327952130000995,inf,0,0.0,0,0.0,inf,0,0.0,0,0.0,1.2104342429993267,inf,0,0.0,0,0.0,inf,0,0.0,0,0.0,2.228602848000264,4.486383660999309
exp,exp,250,80,80,41,inf,0,0.0,0,0.0,inf,0,0.0,0,0.0,inf,0,0.0,0,0.0,inf,0,0.0,0,0.0,0.9675431870000466,inf,0,0.0,0,0.0,inf,0,0.0,0,0.0,1.3314368330002253,inf,0,0.0,0,0.0,inf,0,0.0,0,0.0,2.06275747699965,4.376407484000083
exp,exp,250,80,80,42,inf,0,0.0,0,0.0,inf,0,0.0,0,0.0,inf,0,0.0,0,0.0,inf,0,0.0,0,0.0,0.9674774360000811,inf,0,0.0,0,0.0,inf,0,0.0,0,0.0,1.250913519000278,inf,0,0.0,0,0.0,inf,0,0.0,0,0.0,2.2997138789996825,4.533034055999451
exp,exp,250,80,80,43,inf,0,0.0,0,0.0,inf,0,0.0,0,0.0,inf,0,0.0,0,0.0,inf,0,0.0,0,0.0,0.895912615999805,inf,0,0.0,0,0.0,inf,0,0.0,0,0.0,1.3291591429997425,inf,0,0.0,0,0.0,inf,0,0.0,0,0.0,2.1166509730001053,4.368675182000516
exp,exp,250,80,80,44,inf,0,0.0,0,0.0,inf,0,0.0,0,0.0,inf,0,0.0,0,0.0,inf,0,0.0,0,0.0,0.9348880819998158,inf,0,0.0,0,0.0,inf,0,0.0,0,0.0,1.2279836269999578,inf,0,0.0,0,0.0,inf,0,0.0,0,0.0,2.1142758810001396,4.33873641900027
exp,exp,250,80,80,45,inf,0,0.0,0,0.0,inf,0,0.0,0,0.0,inf,0,0.0,0,0.0,inf,0,0.0,0,0.0,0.9259795299994948,inf,0,0.0,0,0.0,inf,0,0.0,0,0.0,1.381099610000092,inf,0,0.0,0,0.0,inf,0,0.0,0,0.0,2.206317814999238,4.527975882999272
exp,exp,250,80,80,46,inf,0,0.0,0,0.0,inf,0,0.0,0,0.0,inf,0,0.0,0,0.0,inf,0,0.0,0,0.0,0.8660948030001236,inf,0,0.0,0,0.0,inf,0,0.0,0,0.0,1.3244041129992183,inf,0,0.0,0,0.0,inf,0,0.0,0,0.0,2.177810901000157,4.384020338000482
exp,exp,250,80,80,47,inf,0,0.0,0,0.0,inf,0,0.0,0,0.0,inf,0,0.0,0,0.0,4.037681530003399,2,1.0,1,6.42570281124498e-05,0.8792768990006152,inf,0,0.0,0,0.0,inf,0,0.0,0,0.0,1.1822619659997144,inf,0,0.0,0,0.0,inf,0,0.0,0,0.0,2.348611049000283,4.424675643000228
exp,exp,250,80,80,48,inf,0,0.0,0,0.0,inf,0,0.0,0,0.0,inf,0,0.0,0,0.0,inf,0,0.0,0,0.0,0.9521739339998021,inf,0,0.0,0,0.0,inf,0,0.0,0,0.0,1.263653910999892,inf,0,0.0,0,0.0,inf,0,0.0,0,0.0,2.074496487000033,4.306493552000575
exp,exp,250,80,80,49,inf,0,0.0,0,0.0,inf,0,0.0,0,0.0,inf,0,0.0,0,0.0,inf,0,0.0,0,0.0,1.0383268180003142,inf,0,0.0,0,0.0,inf,0,0.0,0,0.0,1.2310019849992386,inf,0,0.0,0,0.0,inf,0,0.0,0,0.0,2.094665917000384,4.378567908999685
exp,exp,250,80,80,50,inf,0,0.0,0,0.0,inf,0,0.0,0,0.0,inf,0,0.0,0,0.0,inf,0,0.0,0,0.0,1.0750463259992102,inf,0,0.0,0,0.0,inf,0,0.0,0,0.0,1.4067684829997233,inf,0,0.0,0,0.0,inf,0,0.0,0,0.0,2.0509158790000583,4.553928777000692
exp,exp,250,80,80,51,inf,0,0.0,0,0.0,inf,0,0.0,0,0.0,inf,0,0.0,0,0.0,inf,0,0.0,0,0.0,0.9237959840002077,inf,0,0.0,0,0.0,inf,0,0.0,0,0.0,1.2975441079997836,inf,0,0.0,0,0.0,inf,0,0.0,0,0.0,2.2125256890003584,4.448519239000234
exp,exp,250,80,80,52,inf,0,0.0,0,0.0,inf,0,0.0,0,0.0,inf,0,0.0,0,0.0,inf,0,0.0,0,0.0,0.8866869210005461,inf,0,0.0,0,0.0,inf,0,0.0,0,0.0,1.4946599579998292,inf,0,0.0,0,0.0,inf,0,0.0,0,0.0,2.2576145099992573,4.667511354000453
exp,exp,250,80,80,53,inf,0,0.0,0,0.0,inf,0,0.0,0,0.0,inf,0,0.0,0,0.0,inf,0,0.0,0,0.0,0.9207763259992134,inf,0,0.0,0,0.0,inf,0,0.0,0,0.0,1.2363650750003217,inf,0,0.0,0,0.0,inf,0,0.0,0,0.0,2.23387867800011,4.40554465599962
exp,exp,250,80,80,54,inf,0,0.0,0,0.0,inf,0,0.0,0,0.0,inf,0,0.0,0,0.0,inf,0,0.0,0,0.0,0.89572916599991,inf,0,0.0,0,0.0,inf,0,0.0,0,0.0,1.2571852129995023,inf,0,0.0,0,0.0,inf,0,0.0,0,0.0,2.3198050620003414,4.487284834000093
exp,exp,250,80,80,55,inf,0,0.0,0,0.0,inf,0,0.0,0,0.0,inf,0,0.0,0,0.0,4.335079592276567,1,1.0,1,3.21285140562249e-05,0.9582541480003783,inf,0,0.0,0,0.0,inf,0,0.0,0,0.0,1.3679872689999684,inf,0,0.0,0,0.0,inf,0,0.0,0,0.0,2.090948699999899,4.432369576999918
exp,exp,250,80,80,56,4.9545866267720164,1,1.0,1,3.21285140562249e-05,4.9545866267720164,1,1.0,1,3.21285140562249e-05,4.9545866267720164,1,1.0,1,3.21285140562249e-05,4.9545866267720164,1,1.0,1,3.21285140562249e-05,0.9047021050000694,4.9545866267720164,1,1.0,1,3.21285140562249e-05,4.9545866267720164,1,1.0,1,3.21285140562249e-05,1.3100380209998548,4.9545866267720164,1,1.0,1,3.21285140562249e-05,4.9545866267720164,1,1.0,1,3.21285140562249e-05,2.272044907000236,4.504020661999675
exp,exp,250,80,80,57,inf,0,0.0,0,0.0,inf,0,0.0,0,0.0,inf,0,0.0,0,0.0,inf,0,0.0,0,0.0,0.9580146490006882,inf,0,0.0,0,0.0,inf,0,0.0,0,0.0,1.3472574389998044,inf,0,0.0,0,0.0,inf,0,0.0,0,0.0,2.1978105990001495,4.536782926000342
exp,exp,250,80,80,58,inf,0,0.0,0,0.0,4.694146944558483,1,1.0,1,3.21285140562249e-05,inf,0,0.0,0,0.0,4.694146944558483,1,1.0,1,3.21285140562249e-05,0.8816902600001413,inf,0,0.0,0,0.0,4.694146944558483,1,1.0,1,3.21285140562249e-05,1.2790287600000738,inf,0,0.0,0,0.0,4.694146944558483,1,1.0,1,3.21285140562249e-05,2.1690279230006126,4.344294803000594
exp,exp,250,80,80,59,4.922684224851202,1,1.0,1,3.21285140562249e-05,4.922684224851202,1,1.0,1,3.21285140562249e-05,4.922684224851202,1,1.0,1,3.21285140562249e-05,4.922684224851202,1,1.0,1,3.21285140562249e-05,0.9050692699993306,4.922684224851202,1,1.0,1,3.21285140562249e-05,4.922684224851202,1,1.0,1,3.21285140562249e-05,1.4876718209998216,4.922684224851202,1,1.0,1,3.21285140562249e-05,4.922684224851202,1,1.0,1,3.21285140562249e-05,2.114303142000608,4.5216393129994685
exp,exp,250,80,80,60,inf,0,0.0,0,0.0,inf,0,0.0,0,0.0,inf,0,0.0,0,0.0,inf,0,0.0,0,0.0,0.9820488779996595,inf,0,0.0,0,0.0,inf,0,0.0,0,0.0,1.3377052989999356,inf,0,0.0,0,0.0,inf,0,0.0,0,0.0,2.142338863999612,4.476665608000076
exp,exp,250,80,80,61,inf,0,0.0,0,0.0,inf,0,0.0,0,0.0,inf,0,0.0,0,0.0,inf,0,0.0,0,0.0,0.866614624000249,inf,0,0.0,0,0.0,inf,0,0.0,0,0.0,1.3466181660005532,inf,0,0.0,0,0.0,inf,0,0.0,0,0.0,2.3171784000005573,4.544884380999974
exp,exp,250,80,80,62,inf,0,0.0,0,0.0,inf,0,0.0,0,0.0,inf,0,0.0,0,0.0,inf,0,0.0,0,0.0,0.9234722860001057,inf,0,0.0,0,0.0,inf,0,0.0,0,0.0,1.2243620459994418,inf,0,0.0,0,0.0,inf,0,0.0,0,0.0,2.2935895880000317,4.459673871999257
exp,exp,250,80,80,63,inf,0,0.0,0,0.0,inf,0,0.0,0,0.0,inf,0,0.0,0,0.0,inf,0,0.0,0,0.0,0.8603934920001848,inf,0,0.0,0,0.0,inf,0,0.0,0,0.0,1.2883352029994057,inf,0,0.0,0,0.0,inf,0,0.0,0,0.0,2.331660644999829,4.494952187999843
exp,exp,250,80,80,64,inf,0,0.0,0,0.0,inf,0,0.0,0,0.0,inf,0,0.0,0,0.0,inf,0,0.0,0,0.0,0.9872802469999442,inf,0,0.0,0,0.0,inf,0,0.0,0,0.0,1.2270500140002696,inf,0,0.0,0,0.0,inf,0,0.0,0,0.0,2.157878315999369,4.394652633000078
exp,exp,250,80,80,65,inf,0,0.0,0,0.0,inf,0,0.0,0,0.0,inf,0,0.0,0,0.0,inf,0,0.0,0,0.0,0.9017222399997991,inf,0,0.0,0,0.0,inf,0,0.0,0,0.0,1.3809405279998828,inf,0,0.0,0,0.0,inf,0,0.0,0,0.0,2.05469699600053,4.351853292999294
exp,exp,250,80,80,66,inf,0,0.0,0,0.0,inf,0,0.0,0,0.0,4.313303941779433,1,1.0,1,3.21285140562249e-05,4.313303941779433,1,1.0,1,3.21285140562249e-05,0.9055646479991992,inf,0,0.0,0,0.0,4.313303941779433,1,1.0,1,3.21285140562249e-05,1.5971026870001879,inf,0,0.0,0,0.0,inf,0,0.0,0,0.0,2.0860685389998253,4.603605214000709
exp,exp,250,80,80,67,inf,0,0.0,0,0.0,inf,0,0.0,0,0.0,inf,0,0.0,0,0.0,inf,0,0.0,0,0.0,0.8653977650001252,inf,0,0.0,0,0.0,inf,0,0.0,0,0.0,1.2604793070004234,inf,0,0.0,0,0.0,inf,0,0.0,0,0.0,2.2537127389996385,4.3941043969998645
exp,exp,250,80,80,68,inf,0,0.0,0,0.0,inf,0,0.0,0,0.0,inf,0,0.0,0,0.0,inf,0,0.0,0,0.0,0.8630766819997007,inf,0,0.0,0,0.0,inf,0,0.0,0,0.0,1.32729505000043,inf,0,0.0,0,0.0,inf,0,0.0,0,0.0,2.4186016110006676,4.623373125999933
exp,exp,250,80,80,69,5.885991588754099,1,1.0,1,3.21285140562249e-05,5.885991588754099,1,1.0,1,3.21285140562249e-05,5.885991588754099,1,1.0,1,3.21285140562249e-05,5.885991588754099,1,1.0,1,3.21285140562249e-05,0.8686833779993322,5.885991588754099,1,1.0,1,3.21285140562249e-05,5.885991588754099,1,1.0,1,3.21285140562249e-05,1.231181185999958,5.885991588754099,1,1.0,1,3.21285140562249e-05,5.885991588754099,1,1.0,1,3.21285140562249e-05,2.147295609000139,4.274428192999949
exp,exp,250,80,80,70,inf,0,0.0,0,0.0,inf,0,0.0,0,0.0,inf,0,0.0,0,0.0,inf,0,0.0,0,0.0,0.902982614999928,inf,0,0.0,0,0.0,inf,0,0.0,0,0.0,1.3512084980002328,inf,0,0.0,0,0.0,inf,0,0.0,0,0.0,2.176994525999362,4.445896274999541
exp,exp,250,80,80,71,inf,0,0.0,0,0.0,inf,0,0.0,0,0.0,inf,0,0.0,0,0.0,inf,0,0.0,0,0.0,1.2193996010000774,inf,0,0.0,0,0.0,inf,0,0.0,0,0.0,1.391382581000471,inf,0,0.0,0,0.0,inf,0,0.0,0,0.0,2.2430229109995707,4.8682700969993675
exp,exp,250,80,80,72,inf,0,0.0,0,0.0,inf,0,0.0,0,0.0,inf,0,0.0,0,0.0,inf,0,0.0,0,0.0,0.8981344430003446,inf,0,0.0,0,0.0,inf,0,0.0,0,0.0,1.307706307999979,inf,0,0.0,0,0.0,inf,0,0.0,0,0.0,2.16364775799957,4.384115268000642
exp,exp,250,80,80,73,5.268569050457205,1,1.0,1,3.21285140562249e-05,5.268569050457205,1,1.0,1,3.21285140562249e-05,5.268569050457205,1,1.0,1,3.21285140562249e-05,5.268569050457205,1,1.0,1,3.21285140562249e-05,1.072565704000226,5.268569050457205,1,1.0,1,3.21285140562249e-05,5.268569050457205,1,1.0,1,3.21285140562249e-05,1.372623246999865,5.268569050457205,1,1.0,1,3.21285140562249e-05,5.268569050457205,1,1.0,1,3.21285140562249e-05,2.1468765669997083,4.606582221000281
exp,exp,250,80,80,74,inf,0,0.0,0,0.0,inf,0,0.0,0,0.0,inf,0,0.0,0,0.0,inf,0,0.0,0,0.0,0.8805943960005607,inf,0,0.0,0,0.0,inf,0,0.0,0,0.0,1.3663801619995866,inf,0,0.0,0,0.0,inf,0,0.0,0,0.0,1.98394184999961,4.245940447000066
exp,exp,250,80,80,75,inf,0,0.0,0,0.0,inf,0,0.0,0,0.0,inf,0,0.0,0,0.0,inf,0,0.0,0,0.0,1.0115993180006626,inf,0,0.0,0,0.0,inf,0,0.0,0,0.0,1.5158353449996866,inf,0,0.0,0,0.0,inf,0,0.0,0,0.0,2.08420266200028,4.6260838470007
exp,exp,250,80,80,76,inf,0,0.0,0,0.0,inf,0,0.0,0,0.0,inf,0,0.0,0,0.0,inf,0,0.0,0,0.0,0.8521298569994542,inf,0,0.0,0,0.0,inf,0,0.0,0,0.0,1.4494440809994558,inf,0,0.0,0,0.0,inf,0,0.0,0,0.0,2.036321761999716,4.378093207000347
exp,exp,250,80,80,77,inf,0,0.0,0,0.0,inf,0,0.0,0,0.0,inf,0,0.0,0,0.0,inf,0,0.0,0,0.0,0.9857554410000375,inf,0,0.0,0,0.0,inf,0,0.0,0,0.0,1.316431344999728,inf,0,0.0,0,0.0,inf,0,0.0,0,0.0,2.3418763209992903,4.658650110000053
exp,exp,250,80,80,78,inf,0,0.0,0,0.0,inf,0,0.0,0,0.0,inf,0,0.0,0,0.0,inf,0,0.0,0,0.0,0.8569064879993675,inf,0,0.0,0,0.0,inf,0,0.0,0,0.0,1.2896105330000864,inf,0,0.0,0,0.0,inf,0,0.0,0,0.0,2.2915579279997473,4.452600158000678
exp,exp,250,80,80,79,inf,0,0.0,0,0.0,inf,0,0.0,0,0.0,inf,0,0.0,0,0.0,inf,0,0.0,0,0.0,0.9256206370000655,inf,0,0.0,0,0.0,inf,0,0.0,0,0.0,1.3081258510001135,inf,0,0.0,0,0.0,inf,0,0.0,0,0.0,2.2719579139993584,4.520307194999987
exp,exp,250,80,80,80,inf,0,0.0,0,0.0,inf,0,0.0,0,0.0,inf,0,0.0,0,0.0,inf,0,0.0,0,0.0,1.0464809249997415,inf,0,0.0,0,0.0,inf,0,0.0,0,0.0,1.2946864030000143,inf,0,0.0,0,0.0,inf,0,0.0,0,0.0,2.1210264649998862,4.485953379000421
exp,exp,250,80,80,81,inf,0,0.0,0,0.0,inf,0,0.0,0,0.0,inf,0,0.0,0,0.0,inf,0,0.0,0,0.0,0.859364861999893,inf,0,0.0,0,0.0,inf,0,0.0,0,0.0,1.553432681999766,inf,0,0.0,0,0.0,inf,0,0.0,0,0.0,2.1184889289997955,4.547708082999634
exp,exp,250,80,80,82,inf,0,0.0,0,0.0,inf,0,0.0,0,0.0,inf,0,0.0,0,0.0,4.174662152497861,1,1.0,1,3.21285140562249e-05,0.8753986470001109,inf,0,0.0,0,0.0,inf,0,0.0,0,0.0,1.5671931830001995,inf,0,0.0,0,0.0,inf,0,0.0,0,0.0,2.146587599999293,4.603753188000155
exp,exp,250,80,80,83,inf,0,0.0,0,0.0,inf,0,0.0,0,0.0,inf,0,0.0,0,0.0,inf,0,0.0,0,0.0,0.909453577000022,inf,0,0.0,0,0.0,inf,0,0.0,0,0.0,1.4193985339998108,inf,0,0.0,0,0.0,inf,0,0.0,0,0.0,2.1833939750003992,4.526735104000181
exp,exp,250,80,80,84,inf,0,0.0,0,0.0,inf,0,0.0,0,0.0,inf,0,0.0,0,0.0,inf,0,0.0,0,0.0,0.9072418800005835,inf,0,0.0,0,0.0,inf,0,0.0,0,0.0,1.2919428579998566,inf,0,0.0,0,0.0,inf,0,0.0,0,0.0,2.378169036000145,4.59186168999986
exp,exp,250,80,80,85,inf,0,0.0,0,0.0,inf,0,0.0,0,0.0,inf,0,0.0,0,0.0,inf,0,0.0,0,0.0,0.8872924520001106,inf,0,0.0,0,0.0,inf,0,0.0,0,0.0,1.3827487210000982,inf,0,0.0,0,0.0,inf,0,0.0,0,0.0,2.155034536999665,4.439598934999594
exp,exp,250,80,80,86,inf,0,0.0,0,0.0,inf,0,0.0,0,0.0,inf,0,0.0,0,0.0,inf,0,0.0,0,0.0,0.8775891260002027,inf,0,0.0,0,0.0,inf,0,0.0,0,0.0,1.3979915800000526,inf,0,0.0,0,0.0,inf,0,0.0,0,0.0,2.2772681659998852,4.567704465999668
exp,exp,250,80,80,87,inf,0,0.0,0,0.0,inf,0,0.0,0,0.0,inf,0,0.0,0,0.0,inf,0,0.0,0,0.0,0.8575293940002666,inf,0,0.0,0,0.0,inf,0,0.0,0,0.0,1.4056137200004741,inf,0,0.0,0,0.0,inf,0,0.0,0,0.0,2.102924926999549,4.380496688999301
exp,exp,250,80,80,88,inf,0,0.0,0,0.0,inf,0,0.0,0,0.0,inf,0,0.0,0,0.0,inf,0,0.0,0,0.0,0.9746124570001484,inf,0,0.0,0,0.0,inf,0,0.0,0,0.0,1.3039499660008005,inf,0,0.0,0,0.0,inf,0,0.0,0,0.0,2.2478717459998734,4.541010341000401
exp,exp,250,80,80,89,inf,0,0.0,0,0.0,inf,0,0.0,0,0.0,inf,0,0.0,0,0.0,inf,0,0.0,0,0.0,1.0388731709999774,inf,0,0.0,0,0.0,inf,0,0.0,0,0.0,1.339083976999973,inf,0,0.0,0,0.0,inf,0,0.0,0,0.0,2.134797185000025,4.527298486000291
exp,exp,250,80,80,90,inf,0,0.0,0,0.0,inf,0,0.0,0,0.0,inf,0,0.0,0,0.0,inf,0,0.0,0,0.0,0.9272196749998329,inf,0,0.0,0,0.0,inf,0,0.0,0,0.0,1.3876496110005974,inf,0,0.0,0,0.0,inf,0,0.0,0,0.0,2.124897250999311,4.473551964999388
exp,exp,250,80,80,91,inf,0,0.0,0,0.0,inf,0,0.0,0,0.0,inf,0,0.0,0,0.0,inf,0,0.0,0,0.0,0.9191939239999556,inf,0,0.0,0,0.0,inf,0,0.0,0,0.0,1.6230721619995165,inf,0,0.0,0,0.0,inf,0,0.0,0,0.0,2.0559814640000695,4.615157059999547
exp,exp,250,80,80,92,inf,0,0.0,0,0.0,inf,0,0.0,0,0.0,inf,0,0.0,0,0.0,inf,0,0.0,0,0.0,0.9572028609991321,inf,0,0.0,0,0.0,inf,0,0.0,0,0.0,1.3889090849997956,inf,0,0.0,0,0.0,inf,0,0.0,0,0.0,2.160643960000016,4.53110817400011
exp,exp,250,80,80,93,inf,0,0.0,0,0.0,inf,0,0.0,0,0.0,inf,0,0.0,0,0.0,inf,0,0.0,0,0.0,0.9062663529994097,inf,0,0.0,0,0.0,inf,0,0.0,0,0.0,1.3582362770002874,inf,0,0.0,0,0.0,inf,0,0.0,0,0.0,2.29853951899986,4.577911268999742
exp,exp,250,80,80,94,inf,0,0.0,0,0.0,inf,0,0.0,0,0.0,inf,0,0.0,0,0.0,inf,0,0.0,0,0.0,0.9352448809995622,inf,0,0.0,0,0.0,inf,0,0.0,0,0.0,1.318816708999293,inf,0,0.0,0,0.0,inf,0,0.0,0,0.0,2.204894153999703,4.474216103999424
exp,exp,250,80,80,95,inf,0,0.0,0,0.0,inf,0,0.0,0,0.0,inf,0,0.0,0,0.0,inf,0,0.0,0,0.0,0.8717080079995867,inf,0,0.0,0,0.0,inf,0,0.0,0,0.0,1.345520376999957,inf,0,0.0,0,0.0,inf,0,0.0,0,0.0,2.127559137999924,4.359351895000145
exp,exp,250,80,80,96,inf,0,0.0,0,0.0,inf,0,0.0,0,0.0,inf,0,0.0,0,0.0,inf,0,0.0,0,0.0,1.1366532730007748,inf,0,0.0,0,0.0,inf,0,0.0,0,0.0,1.3166350880001119,inf,0,0.0,0,0.0,inf,0,0.0,0,0.0,2.095081188000222,4.619548500999372
exp,exp,250,80,80,97,inf,0,0.0,0,0.0,inf,0,0.0,0,0.0,inf,0,0.0,0,0.0,inf,0,0.0,0,0.0,0.9056117709997125,inf,0,0.0,0,0.0,inf,0,0.0,0,0.0,1.3895637979994717,inf,0,0.0,0,0.0,inf,0,0.0,0,0.0,2.1793803810005556,4.488993775000381
exp,exp,250,80,80,98,inf,0,0.0,0,0.0,inf,0,0.0,0,0.0,inf,0,0.0,0,0.0,inf,0,0.0,0,0.0,0.8943197190001229,inf,0,0.0,0,0.0,inf,0,0.0,0,0.0,1.6561829989996113,inf,0,0.0,0,0.0,inf,0,0.0,0,0.0,2.151262174000294,4.719021148999673
exp,exp,250,80,80,99,inf,0,0.0,0,0.0,inf,0,0.0,0,0.0,inf,0,0.0,0,0.0,inf,0,0.0,0,0.0,0.8604130379999333,inf,0,0.0,0,0.0,inf,0,0.0,0,0.0,1.3132089739992807,inf,0,0.0,0,0.0,inf,0,0.0,0,0.0,2.246966813999279,4.435369802000423
exp,exp,250,80,80,100,inf,0,0.0,0,0.0,inf,0,0.0,0,0.0,inf,0,0.0,0,0.0,inf,0,0.0,0,0.0,0.8707905640003446,inf,0,0.0,0,0.0,inf,0,0.0,0,0.0,1.3580880769995929,inf,0,0.0,0,0.0,inf,0,0.0,0,0.0,2.3878574749996915,4.636265215999629
exp,exp,250,80,80,101,inf,0,0.0,0,0.0,inf,0,0.0,0,0.0,inf,0,0.0,0,0.0,inf,0,0.0,0,0.0,0.9215014190003785,inf,0,0.0,0,0.0,inf,0,0.0,0,0.0,1.3107293120001486,inf,0,0.0,0,0.0,inf,0,0.0,0,0.0,2.207755456999621,4.4839588750000985
exp,exp,250,80,80,102,inf,0,0.0,0,0.0,inf,0,0.0,0,0.0,inf,0,0.0,0,0.0,inf,0,0.0,0,0.0,0.9437223059994722,inf,0,0.0,0,0.0,inf,0,0.0,0,0.0,1.4799638329996014,inf,0,0.0,0,0.0,inf,0,0.0,0,0.0,2.2762163620000138,4.714435943999888
exp,exp,250,80,80,103,inf,0,0.0,0,0.0,inf,0,0.0,0,0.0,inf,0,0.0,0,0.0,inf,0,0.0,0,0.0,0.8882379840006251,inf,0,0.0,0,0.0,inf,0,0.0,0,0.0,1.4021564579998085,inf,0,0.0,0,0.0,inf,0,0.0,0,0.0,2.1974810050005544,4.502357403000133
exp,exp,250,80,80,104,inf,0,0.0,0,0.0,inf,0,0.0,0,0.0,inf,0,0.0,0,0.0,inf,0,0.0,0,0.0,0.8628982179998275,inf,0,0.0,0,0.0,inf,0,0.0,0,0.0,1.4275235530003556,inf,0,0.0,0,0.0,inf,0,0.0,0,0.0,2.12177590400006,4.426687045999643
exp,exp,250,80,80,105,inf,0,0.0,0,0.0,inf,0,0.0,0,0.0,inf,0,0.0,0,0.0,inf,0,0.0,0,0.0,1.104318919000434,inf,0,0.0,0,0.0,inf,0,0.0,0,0.0,1.3307110349996947,inf,0,0.0,0,0.0,inf,0,0.0,0,0.0,2.22322267599975,4.67267634000018
exp,exp,250,80,80,106,inf,0,0.0,0,0.0,inf,0,0.0,0,0.0,inf,0,0.0,0,0.0,inf,0,0.0,0,0.0,0.9004027580003822,inf,0,0.0,0,0.0,inf,0,0.0,0,0.0,1.3439603739998347,inf,0,0.0,0,0.0,inf,0,0.0,0,0.0,2.072365345000435,4.331136456000422
exp,exp,250,80,80,107,inf,0,0.0,0,0.0,inf,0,0.0,0,0.0,inf,0,0.0,0,0.0,inf,0,0.0,0,0.0,1.0119714960001147,inf,0,0.0,0,0.0,inf,0,0.0,0,0.0,1.4747884049993445,inf,0,0.0,0,0.0,inf,0,0.0,0,0.0,2.1108511479997105,4.6120244590001676
exp,exp,250,80,80,108,inf,0,0.0,0,0.0,inf,0,0.0,0,0.0,inf,0,0.0,0,0.0,inf,0,0.0,0,0.0,0.8622280070003399,inf,0,0.0,0,0.0,inf,0,0.0,0,0.0,1.5069685799999206,inf,0,0.0,0,0.0,inf,0,0.0,0,0.0,2.1476941999999326,4.532343126999876
exp,exp,250,80,80,109,inf,0,0.0,0,0.0,inf,0,0.0,0,0.0,inf,0,0.0,0,0.0,inf,0,0.0,0,0.0,0.9227552329994069,inf,0,0.0,0,0.0,inf,0,0.0,0,0.0,1.2863955820002957,inf,0,0.0,0,0.0,inf,0,0.0,0,0.0,2.670337088999986,4.894024662999982
exp,exp,250,80,80,110,inf,0,0.0,0,0.0,inf,0,0.0,0,0.0,inf,0,0.0,0,0.0,inf,0,0.0,0,0.0,0.8600163379996957,inf,0,0.0,0,0.0,inf,0,0.0,0,0.0,1.3352861690000282,inf,0,0.0,0,0.0,inf,0,0.0,0,0.0,2.2114006920000975,4.421123121000164
exp,exp,250,80,80,111,inf,0,0.0,0,0.0,inf,0,0.0,0,0.0,inf,0,0.0,0,0.0,inf,0,0.0,0,0.0,0.9233049060003395,inf,0,0.0,0,0.0,inf,0,0.0,0,0.0,1.2795557509998616,inf,0,0.0,0,0.0,inf,0,0.0,0,0.0,2.261041949000173,4.482705731999886
exp,exp,250,80,80,112,inf,0,0.0,0,0.0,inf,0,0.0,0,0.0,inf,0,0.0,0,0.0,inf,0,0.0,0,0.0,0.9552744430002349,inf,0,0.0,0,0.0,inf,0,0.0,0,0.0,1.3434289240003636,inf,0,0.0,0,0.0,inf,0,0.0,0,0.0,2.0542129349996685,4.367749766000088
exp,exp,250,80,80,113,inf,0,0.0,0,0.0,inf,0,0.0,0,0.0,inf,0,0.0,0,0.0,inf,0,0.0,0,0.0,0.9251014999999825,inf,0,0.0,0,0.0,inf,0,0.0,0,0.0,1.4350677699994776,inf,0,0.0,0,0.0,inf,0,0.0,0,0.0,2.074314774999948,4.4492119520000415
exp,exp,250,80,80,114,inf,0,0.0,0,0.0,inf,0,0.0,0,0.0,inf,0,0.0,0,0.0,inf,0,0.0,0,0.0,0.8949388579994775,inf,0,0.0,0,0.0,inf,0,0.0,0,0.0,1.5662684989993068,inf,0,0.0,0,0.0,inf,0,0.0,0,0.0,2.067826832000719,4.543651490000229
exp,exp,250,80,80,115,inf,0,0.0,0,0.0,inf,0,0.0,0,0.0,inf,0,0.0,0,0.0,inf,0,0.0,0,0.0,0.863685878999604,inf,0,0.0,0,0.0,inf,0,0.0,0,0.0,1.4339645600002768,inf,0,0.0,0,0.0,inf,0,0.0,0,0.0,2.2523459839994757,4.56479920899983
exp,exp,250,80,80,116,inf,0,0.0,0,0.0,inf,0,0.0,0,0.0,inf,0,0.0,0,0.0,inf,0,0.0,0,0.0,0.8580945989997417,inf,0,0.0,0,0.0,inf,0,0.0,0,0.0,1.3688146599997708,inf,0,0.0,0,0.0,inf,0,0.0,0,0.0,2.4157435469996926,4.657334225999875
exp,exp,250,80,80,117,inf,0,0.0,0,0.0,inf,0,0.0,0,0.0,4.314782795076146,1,1.0,1,3.21285140562249e-05,4.314782795076146,1,1.0,1,3.21285140562249e-05,0.875533538000127,inf,0,0.0,0,0.0,4.314782795076146,1,1.0,1,3.21285140562249e-05,1.2283361959998729,inf,0,0.0,0,0.0,4.314782795076146,1,1.0,1,3.21285140562249e-05,2.0086088430007294,4.137035333000313
exp,exp,250,80,80,118,inf,0,0.0,0,0.0,inf,0,0.0,0,0.0,inf,0,0.0,0,0.0,inf,0,0.0,0,0.0,0.9383932830005506,inf,0,0.0,0,0.0,inf,0,0.0,0,0.0,1.3867773550000493,inf,0,0.0,0,0.0,inf,0,0.0,0,0.0,2.3041348449996804,4.6507303339994905
exp,exp,250,80,80,119,inf,0,0.0,0,0.0,inf,0,0.0,0,0.0,inf,0,0.0,0,0.0,inf,0,0.0,0,0.0,0.8897079219996158,inf,0,0.0,0,0.0,inf,0,0.0,0,0.0,1.4551085729999613,inf,0,0.0,0,0.0,inf,0,0.0,0,0.0,2.0808970239995688,4.443048542000724
exp,exp,250,80,80,120,inf,0,0.0,0,0.0,inf,0,0.0,0,0.0,inf,0,0.0,0,0.0,inf,0,0.0,0,0.0,0.9734972269998252,inf,0,0.0,0,0.0,inf,0,0.0,0,0.0,1.3028574250001839,inf,0,0.0,0,0.0,inf,0,0.0,0,0.0,2.2416740119997485,4.532638581000356
exp,exp,250,80,80,121,inf,0,0.0,0,0.0,inf,0,0.0,0,0.0,inf,0,0.0,0,0.0,inf,0,0.0,0,0.0,1.0354755879998265,inf,0,0.0,0,0.0,inf,0,0.0,0,0.0,1.3294584900004338,inf,0,0.0,0,0.0,inf,0,0.0,0,0.0,2.126900487999592,4.506311492999885
exp,exp,250,80,80,122,inf,0,0.0,0,0.0,inf,0,0.0,0,0.0,inf,0,0.0,0,0.0,inf,0,0.0,0,0.0,0.9736934230004408,inf,0,0.0,0,0.0,inf,0,0.0,0,0.0,1.3308663749994594,inf,0,0.0,0,0.0,inf,0,0.0,0,0.0,2.060134393000226,4.379331377999733
exp,exp,250,80,80,123,inf,0,0.0,0,0.0,inf,0,0.0,0,0.0,inf,0,0.0,0,0.0,inf,0,0.0,0,0.0,0.9255459880005219,inf,0,0.0,0,0.0,inf,0,0.0,0,0.0,1.585144694000519,inf,0,0.0,0,0.0,inf,0,0.0,0,0.0,2.0189809080002306,4.544191949000378
exp,exp,250,80,80,124,inf,0,0.0,0,0.0,inf,0,0.0,0,0.0,inf,0,0.0,0,0.0,inf,0,0.0,0,0.0,0.9252272720004839,inf,0,0.0,0,0.0,inf,0,0.0,0,0.0,1.4354155299997728,inf,0,0.0,0,0.0,inf,0,0.0,0,0.0,2.1164747570001055,4.493738389999635
exp,exp,250,80,80,125,inf,0,0.0,0,0.0,inf,0,0.0,0,0.0,inf,0,0.0,0,0.0,inf,0,0.0,0,0.0,0.8794706690005114,inf,0,0.0,0,0.0,inf,0,0.0,0,0.0,1.2981139299999995,inf,0,0.0,0,0.0,inf,0,0.0,0,0.0,2.3930769619992134,4.585524097999951
exp,exp,250,80,80,126,inf,0,0.0,0,0.0,inf,0,0.0,0,0.0,inf,0,0.0,0,0.0,inf,0,0.0,0,0.0,0.8670612070000061,inf,0,0.0,0,0.0,inf,0,0.0,0,0.0,1.365266301999327,inf,0,0.0,0,0.0,inf,0,0.0,0,0.0,2.2504470109997783,4.497364740000194
exp,exp,250,80,80,127,inf,0,0.0,0,0.0,inf,0,0.0,0,0.0,inf,0,0.0,0,0.0,inf,0,0.0,0,0.0,0.8663850009997986,inf,0,0.0,0,0.0,inf,0,0.0,0,0.0,1.3011775590002799,inf,0,0.0,0,0.0,inf,0,0.0,0,0.0,2.1117716960006874,4.2937376869995205
exp,exp,250,80,80,128,inf,0,0.0,0,0.0,inf,0,0.0,0,0.0,inf,0,0.0,0,0.0,inf,0,0.0,0,0.0,1.08191772400005,inf,0,0.0,0,0.0,inf,0,0.0,0,0.0,1.3690639890000966,inf,0,0.0,0,0.0,inf,0,0.0,0,0.0,2.1657099310004924,4.631035473999873
exp,exp,250,80,80,129,inf,0,0.0,0,0.0,inf,0,0.0,0,0.0,inf,0,0.0,0,0.0,inf,0,0.0,0,0.0,0.8963445990002583,inf,0,0.0,0,0.0,inf,0,0.0,0,0.0,1.3618082060002052,inf,0,0.0,0,0.0,inf,0,0.0,0,0.0,2.0763036379994446,4.364499532999616
exp,exp,250,80,80,130,inf,0,0.0,0,0.0,inf,0,0.0,0,0.0,inf,0,0.0,0,0.0,inf,0,0.0,0,0.0,0.9121549390001746,inf,0,0.0,0,0.0,inf,0,0.0,0,0.0,1.5337409019994084,inf,0,0.0,0,0.0,inf,0,0.0,0,0.0,2.1022086339999078,4.562644851999721
exp,exp,250,80,80,131,inf,0,0.0,0,0.0,inf,0,0.0,0,0.0,inf,0,0.0,0,0.0,inf,0,0.0,0,0.0,0.9466086339998583,inf,0,0.0,0,0.0,inf,0,0.0,0,0.0,1.366818016000252,inf,0,0.0,0,0.0,inf,0,0.0,0,0.0,2.175300103000154,4.50352695499987
exp,exp,250,80,80,132,inf,0,0.0,0,0.0,inf,0,0.0,0,0.0,inf,0,0.0,0,0.0,inf,0,0.0,0,0.0,0.8761451400005171,inf,0,0.0,0,0.0,inf,0,0.0,0,0.0,1.373306252000475,inf,0,0.0,0,0.0,inf,0,0.0,0,0.0,2.212542564000614,4.476790800999879
exp,exp,250,80,80,133,inf,0,0.0,0,0.0,inf,0,0.0,0,0.0,inf,0,0.0,0,0.0,inf,0,0.0,0,0.0,1.0199959680003303,inf,0,0.0,0,0.0,inf,0,0.0,0,0.0,1.280952588999753,inf,0,0.0,0,0.0,inf,0,0.0,0,0.0,2.1130526970000574,4.429113858999699
exp,exp,250,80,80,134,inf,0,0.0,0,0.0,inf,0,0.0,0,0.0,inf,0,0.0,0,0.0,inf,0,0.0,0,0.0,0.8760999249998349,inf,0,0.0,0,0.0,inf,0,0.0,0,0.0,1.4191565440005434,inf,0,0.0,0,0.0,inf,0,0.0,0,0.0,2.213518859999567,4.523363424999843
exp,exp,250,80,80,135,inf,0,0.0,0,0.0,inf,0,0.0,0,0.0,inf,0,0.0,0,0.0,inf,0,0.0,0,0.0,0.9460784869997951,inf,0,0.0,0,0.0,inf,0,0.0,0,0.0,1.3143928190002043,inf,0,0.0,0,0.0,inf,0,0.0,0,0.0,2.2691462829998272,4.554127634999531
exp,exp,250,80,80,136,inf,0,0.0,0,0.0,inf,0,0.0,0,0.0,inf,0,0.0,0,0.0,inf,0,0.0,0,0.0,0.8704489479996482,inf,0,0.0,0,0.0,inf,0,0.0,0,0.0,1.275338414999169,inf,0,0.0,0,0.0,inf,0,0.0,0,0.0,2.2635343649999413,4.425703662999695
exp,exp,250,80,80,137,inf,0,0.0,0,0.0,inf,0,0.0,0,0.0,inf,0,0.0,0,0.0,inf,0,0.0,0,0.0,0.9826539200003026,inf,0,0.0,0,0.0,inf,0,0.0,0,0.0,1.4398251319998963,inf,0,0.0,0,0.0,inf,0,0.0,0,0.0,2.465389508000044,4.90243434400054
exp,exp,250,80,80,138,inf,0,0.0,0,0.0,inf,0,0.0,0,0.0,inf,0,0.0,0,0.0,inf,0,0.0,0,0.0,0.9790705570003411,inf,0,0.0,0,0.0,inf,0,0.0,0,0.0,1.4034658390000914,inf,0,0.0,0,0.0,inf,0,0.0,0,0.0,2.002238789999865,4.410339936000128
exp,exp,250,80,80,139,inf,0,0.0,0,0.0,inf,0,0.0,0,0.0,inf,0,0.0,0,0.0,inf,0,0.0,0,0.0,1.0192206499996246,inf,0,0.0,0,0.0,inf,0,0.0,0,0.0,1.532333975000256,inf,0,0.0,0,0.0,inf,0,0.0,0,0.0,2.0918340330008505,4.65801245900002
exp,exp,250,80,80,140,inf,0,0.0,0,0.0,inf,0,0.0,0,0.0,inf,0,0.0,0,0.0,inf,0,0.0,0,0.0,0.8774666689996593,inf,0,0.0,0,0.0,inf,0,0.0,0,0.0,1.4399583980002717,inf,0,0.0,0,0.0,inf,0,0.0,0,0.0,2.107260755000425,4.4405314360001285
exp,exp,250,80,80,141,inf,0,0.0,0,0.0,inf,0,0.0,0,0.0,inf,0,0.0,0,0.0,inf,0,0.0,0,0.0,0.8827088569996704,inf,0,0.0,0,0.0,inf,0,0.0,0,0.0,1.4197995220001758,inf,0,0.0,0,0.0,inf,0,0.0,0,0.0,2.3644417679997787,4.68733223900017
exp,exp,250,80,80,142,inf,0,0.0,0,0.0,inf,0,0.0,0,0.0,inf,0,0.0,0,0.0,inf,0,0.0,0,0.0,0.8938033869999344,inf,0,0.0,0,0.0,inf,0,0.0,0,0.0,1.2804936350003118,inf,0,0.0,0,0.0,inf,0,0.0,0,0.0,2.2643524599998273,4.455581404000441
exp,exp,250,80,80,143,inf,0,0.0,0,0.0,inf,0,0.0,0,0.0,inf,0,0.0,0,0.0,inf,0,0.0,0,0.0,0.8647095500000432,inf,0,0.0,0,0.0,inf,0,0.0,0,0.0,1.3289651979994233,inf,0,0.0,0,0.0,inf,0,0.0,0,0.0,2.221080816999347,4.430314814999292
exp,exp,250,80,80,144,inf,0,0.0,0,0.0,inf,0,0.0,0,0.0,inf,0,0.0,0,0.0,inf,0,0.0,0,0.0,1.0727427179999722,inf,0,0.0,0,0.0,inf,0,0.0,0,0.0,1.2956887020000067,inf,0,0.0,0,0.0,inf,0,0.0,0,0.0,2.181195830999968,4.57193399300013
exp,exp,250,80,80,145,inf,0,0.0,0,0.0,inf,0,0.0,0,0.0,inf,0,0.0,0,0.0,inf,0,0.0,0,0.0,0.8665153410001949,inf,0,0.0,0,0.0,inf,0,0.0,0,0.0,1.4207770299999538,inf,0,0.0,0,0.0,inf,0,0.0,0,0.0,2.131689441999697,4.453390933999799
exp,exp,250,80,80,146,inf,0,0.0,0,0.0,inf,0,0.0,0,0.0,inf,0,0.0,0,0.0,inf,0,0.0,0,0.0,0.8779396399995676,inf,0,0.0,0,0.0,inf,0,0.0,0,0.0,1.442832314000043,inf,0,0.0,0,0.0,inf,0,0.0,0,0.0,2.1705743620004796,4.505893286000173
exp,exp,250,80,80,147,inf,0,0.0,0,0.0,inf,0,0.0,0,0.0,inf,0,0.0,0,0.0,inf,0,0.0,0,0.0,0.9267529830003696,inf,0,0.0,0,0.0,inf,0,0.0,0,0.0,1.3285121889994116,inf,0,0.0,0,0.0,inf,0,0.0,0,0.0,2.095380887999454,4.365166691000013
exp,exp,250,80,80,148,5.232595481634472,1,1.0,1,3.21285140562249e-05,5.232595481634472,1,1.0,1,3.21285140562249e-05,5.232595481634472,1,1.0,1,3.21285140562249e-05,5.232595481634472,1,1.0,1,3.21285140562249e-05,0.9256913220006027,5.232595481634472,1,1.0,1,3.21285140562249e-05,5.232595481634472,1,1.0,1,3.21285140562249e-05,1.3687969940001494,5.232595481634472,1,1.0,1,3.21285140562249e-05,5.232595481634472,1,1.0,1,3.21285140562249e-05,2.2294282389993896,4.538521731999936
exp,exp,250,80,80,149,inf,0,0.0,0,0.0,inf,0,0.0,0,0.0,inf,0,0.0,0,0.0,inf,0,0.0,0,0.0,0.958142004000365,inf,0,0.0,0,0.0,inf,0,0.0,0,0.0,1.4227485430001252,inf,0,0.0,0,0.0,inf,0,0.0,0,0.0,2.017383654999321,4.41277116800029
exp,exp,250,80,80,150,inf,0,0.0,0,0.0,inf,0,0.0,0,0.0,inf,0,0.0,0,0.0,inf,0,0.0,0,0.0,0.9469954460000736,inf,0,0.0,0,0.0,inf,0,0.0,0,0.0,1.4068642250003904,inf,0,0.0,0,0.0,inf,0,0.0,0,0.0,2.2803542780002317,4.648578907000228
exp,exp,250,80,80,151,4.90048588426164,1,1.0,1,3.21285140562249e-05,4.90048588426164,1,1.0,1,3.21285140562249e-05,inf,0,0.0,0,0.0,4.90048588426164,1,1.0,1,3.21285140562249e-05,0.8614602029992966,4.90048588426164,1,1.0,1,3.21285140562249e-05,4.90048588426164,1,1.0,1,3.21285140562249e-05,1.3135146329996132,4.90048588426164,1,1.0,1,3.21285140562249e-05,4.90048588426164,1,1.0,1,3.21285140562249e-05,2.168198091000704,4.3577020319999065
exp,exp,250,80,80,152,inf,0,0.0,0,0.0,inf,0,0.0,0,0.0,inf,0,0.0,0,0.0,inf,0,0.0,0,0.0,0.9216797520002729,inf,0,0.0,0,0.0,inf,0,0.0,0,0.0,1.2633803849994365,inf,0,0.0,0,0.0,inf,0,0.0,0,0.0,2.2115286779999224,4.4110118730004615
exp,exp,250,80,80,153,inf,0,0.0,0,0.0,inf,0,0.0,0,0.0,inf,0,0.0,0,0.0,inf,0,0.0,0,0.0,0.8670844230000512,inf,0,0.0,0,0.0,inf,0,0.0,0,0.0,1.4834713310001462,inf,0,0.0,0,0.0,inf,0,0.0,0,0.0,2.0771689930006687,4.444360247000077
exp,exp,250,80,80,154,inf,0,0.0,0,0.0,inf,0,0.0,0,0.0,4.623653429348413,1,1.0,1,3.21285140562249e-05,4.623653429348413,1,1.0,1,3.21285140562249e-05,1.0263873800004149,inf,0,0.0,0,0.0,4.623653429348413,1,1.0,1,3.21285140562249e-05,1.2813458230002652,inf,0,0.0,0,0.0,4.623653429348413,1,1.0,1,3.21285140562249e-05,2.0752146650002032,4.488684734000344
exp,exp,250,80,80,155,inf,0,0.0,0,0.0,inf,0,0.0,0,0.0,inf,0,0.0,0,0.0,inf,0,0.0,0,0.0,0.9483168859997022,inf,0,0.0,0,0.0,inf,0,0.0,0,0.0,1.3677683699997942,inf,0,0.0,0,0.0,inf,0,0.0,0,0.0,2.251496431000305,4.58240752599977
exp,exp,250,80,80,156,inf,0,0.0,0,0.0,inf,0,0.0,0,0.0,inf,0,0.0,0,0.0,3.968880233822866,1,1.0,1,3.21285140562249e-05,0.9006608530007725,inf,0,0.0,0,0.0,inf,0,0.0,0,0.0,1.425755491000018,inf,0,0.0,0,0.0,inf,0,0.0,0,0.0,2.293878710000172,4.634900091999953
exp,exp,250,80,80,157,inf,0,0.0,0,0.0,inf,0,0.0,0,0.0,inf,0,0.0,0,0.0,inf,0,0.0,0,0.0,0.866717599000367,inf,0,0.0,0,0.0,inf,0,0.0,0,0.0,1.360639122000066,inf,0,0.0,0,0.0,4.4834909551200735,1,1.0,1,3.21285140562249e-05,2.3748150219998934,4.616604959000142
exp,exp,250,80,80,158,inf,0,0.0,0,0.0,inf,0,0.0,0,0.0,inf,0,0.0,0,0.0,4.602228737296421,1,1.0,1,3.21285140562249e-05,0.8799121530000775,inf,0,0.0,0,0.0,4.602228737296421,1,1.0,1,3.21285140562249e-05,1.2241375160001553,inf,0,0.0,0,0.0,4.602228737296421,1,1.0,1,3.21285140562249e-05,1.714495626999451,3.833401242999571
exp,exp,250,80,80,159,inf,0,0.0,0,0.0,inf,0,0.0,0,0.0,inf,0,0.0,0,0.0,inf,0,0.0,0,0.0,0.955055524999807,inf,0,0.0,0,0.0,inf,0,0.0,0,0.0,1.1909946599998875,inf,0,0.0,0,0.0,inf,0,0.0,0,0.0,1.7648709169998256,3.92604566800037
exp,exp,250,80,80,160,inf,0,0.0,0,0.0,inf,0,0.0,0,0.0,inf,0,0.0,0,0.0,inf,0,0.0,0,0.0,0.8627849070007869,inf,0,0.0,0,0.0,inf,0,0.0,0,0.0,1.246357151999291,inf,0,0.0,0,0.0,inf,0,0.0,0,0.0,1.834030164000069,3.958779171999595
exp,exp,250,80,80,161,inf,0,0.0,0,0.0,inf,0,0.0,0,0.0,inf,0,0.0,0,0.0,inf,0,0.0,0,0.0,0.9497201340000174,inf,0,0.0,0,0.0,inf,0,0.0,0,0.0,1.1828799699997035,inf,0,0.0,0,0.0,inf,0,0.0,0,0.0,1.6209544269995604,3.768858681999518
exp,exp,250,80,80,162,inf,0,0.0,0,0.0,inf,0,0.0,0,0.0,4.525928970022385,1,1.0,1,3.21285140562249e-05,4.525928970022385,1,1.0,1,3.21285140562249e-05,0.9601335040006234,4.525928970022385,1,1.0,1,3.21285140562249e-05,4.525928970022385,1,1.0,1,3.21285140562249e-05,1.3049089460000687,4.525928970022385,1,1.0,1,3.21285140562249e-05,4.525928970022385,1,1.0,1,3.21285140562249e-05,1.622492859999511,3.9027567190005357
exp,exp,250,80,80,163,inf,0,0.0,0,0.0,inf,0,0.0,0,0.0,inf,0,0.0,0,0.0,inf,0,0.0,0,0.0,1.0884343329998956,inf,0,0.0,0,0.0,inf,0,0.0,0,0.0,1.1933748729998115,inf,0,0.0,0,0.0,inf,0,0.0,0,0.0,1.8531424060001882,4.150004826999975
exp,exp,250,80,80,164,inf,0,0.0,0,0.0,inf,0,0.0,0,0.0,inf,0,0.0,0,0.0,inf,0,0.0,0,0.0,0.8797234540006684,inf,0,0.0,0,0.0,inf,0,0.0,0,0.0,1.1261553929998627,inf,0,0.0,0,0.0,inf,0,0.0,0,0.0,1.7585940019998816,3.7813647539996964
exp,exp,250,80,80,165,inf,0,0.0,0,0.0,inf,0,0.0,0,0.0,inf,0,0.0,0,0.0,inf,0,0.0,0,0.0,0.9618591869993907,inf,0,0.0,0,0.0,inf,0,0.0,0,0.0,1.1926671420005732,inf,0,0.0,0,0.0,inf,0,0.0,0,0.0,1.816372016999594,3.986317081999914
exp,exp,250,80,80,166,5.094409816022207,1,1.0,1,3.21285140562249e-05,5.094409816022207,1,1.0,1,3.21285140562249e-05,5.094409816022207,1,1.0,1,3.21285140562249e-05,5.094409816022207,1,1.0,1,3.21285140562249e-05,0.9845388319999984,5.094409816022207,1,1.0,1,3.21285140562249e-05,5.094409816022207,1,1.0,1,3.21285140562249e-05,1.2614568910003072,5.094409816022207,1,1.0,1,3.21285140562249e-05,5.094409816022207,1,1.0,1,3.21285140562249e-05,1.6978734140002416,3.9591581519998726
exp,exp,250,80,80,167,inf,0,0.0,0,0.0,inf,0,0.0,0,0.0,inf,0,0.0,0,0.0,inf,0,0.0,0,0.0,0.8536597700003767,inf,0,0.0,0,0.0,inf,0,0.0,0,0.0,1.1315275549995931,inf,0,0.0,0,0.0,inf,0,0.0,0,0.0,1.9221513280008367,3.9223215149995667
exp,exp,250,80,80,168,inf,0,0.0,0,0.0,inf,0,0.0,0,0.0,inf,0,0.0,0,0.0,inf,0,0.0,0,0.0,0.875393737000195,inf,0,0.0,0,0.0,inf,0,0.0,0,0.0,1.3790303089999725,inf,0,0.0,0,0.0,inf,0,0.0,0,0.0,1.670078248000209,3.939827647000129
exp,exp,250,80,80,169,inf,0,0.0,0,0.0,inf,0,0.0,0,0.0,inf,0,0.0,0,0.0,4.6507226717908585,1,1.0,1,3.21285140562249e-05,1.0663712420000593,inf,0,0.0,0,0.0,4.6507226717908585,1,1.0,1,3.21285140562249e-05,1.249395299999378,inf,0,0.0,0,0.0,4.6507226717908585,1,1.0,1,3.21285140562249e-05,1.6569357160005893,3.988131754999813
exp,exp,250,80,80,170,inf,0,0.0,0,0.0,inf,0,0.0,0,0.0,inf,0,0.0,0,0.0,inf,0,0.0,0,0.0,1.0329338990004544,inf,0,0.0,0,0.0,inf,0,0.0,0,0.0,1.3932673819999764,inf,0,0.0,0,0.0,inf,0,0.0,0,0.0,1.9649671709994436,4.411010157000419
exp,exp,250,80,80,171,inf,0,0.0,0,0.0,inf,0,0.0,0,0.0,inf,0,0.0,0,0.0,inf,0,0.0,0,0.0,0.8814461970005141,inf,0,0.0,0,0.0,inf,0,0.0,0,0.0,1.4432047350001085,inf,0,0.0,0,0.0,inf,0,0.0,0,0.0,2.2699202240000886,4.6091279929996745
exp,exp,250,80,80,172,inf,0,0.0,0,0.0,inf,0,0.0,0,0.0,inf,0,0.0,0,0.0,inf,0,0.0,0,0.0,0.9390963180003382,inf,0,0.0,0,0.0,inf,0,0.0,0,0.0,1.2801056210000752,inf,0,0.0,0,0.0,inf,0,0.0,0,0.0,2.3121637220001503,4.548657786000149
exp,exp,250,80,80,173,5.015359145453134,1,1.0,1,3.21285140562249e-05,5.015359145453134,1,1.0,1,3.21285140562249e-05,5.015359145453134,1,1.0,1,3.21285140562249e-05,5.015359145453134,1,1.0,1,3.21285140562249e-05,1.0195690500004275,5.015359145453134,1,1.0,1,3.21285140562249e-05,5.015359145453134,1,1.0,1,3.21285140562249e-05,1.3833655750004255,5.015359145453134,1,1.0,1,3.21285140562249e-05,5.015359145453134,1,1.0,1,3.21285140562249e-05,2.142059050000171,4.574472361000517
exp,exp,250,80,80,174,inf,0,0.0,0,0.0,inf,0,0.0,0,0.0,inf,0,0.0,0,0.0,inf,0,0.0,0,0.0,0.9646340979998058,inf,0,0.0,0,0.0,inf,0,0.0,0,0.0,1.3307319969999298,inf,0,0.0,0,0.0,inf,0,0.0,0,0.0,2.235317524000493,4.555941695000001
exp,exp,250,80,80,175,5.07050295047097,1,1.0,1,3.21285140562249e-05,5.07050295047097,1,1.0,1,3.21285140562249e-05,5.07050295047097,1,1.0,1,3.21285140562249e-05,5.07050295047097,1,1.0,1,3.21285140562249e-05,0.8637218260000736,5.07050295047097,1,1.0,1,3.21285140562249e-05,5.07050295047097,1,1.0,1,3.21285140562249e-05,1.4935767079996367,5.07050295047097,1,1.0,1,3.21285140562249e-05,5.07050295047097,1,1.0,1,3.21285140562249e-05,2.110391740000523,4.48234717700052
exp,exp,250,80,80,176,inf,0,0.0,0,0.0,inf,0,0.0,0,0.0,inf,0,0.0,0,0.0,inf,0,0.0,0,0.0,0.9208356060007645,inf,0,0.0,0,0.0,inf,0,0.0,0,0.0,1.2851310799997009,inf,0,0.0,0,0.0,inf,0,0.0,0,0.0,2.2774480520001816,4.498057546000382
exp,exp,250,80,80,177,inf,0,0.0,0,0.0,inf,0,0.0,0,0.0,4.394816924305758,2,1.0,1,6.42570281124498e-05,4.394816924305758,2,1.0,1,6.42570281124498e-05,0.9290512039997338,4.394816924305758,2,1.0,1,6.42570281124498e-05,4.394816924305758,2,1.0,1,6.42570281124498e-05,1.2414919160000863,4.394816924305758,2,1.0,1,6.42570281124498e-05,4.394816924305758,2,1.0,1,6.42570281124498e-05,2.340638014000433,4.525980905999859
exp,exp,250,80,80,178,inf,0,0.0,0,0.0,inf,0,0.0,0,0.0,inf,0,0.0,0,0.0,inf,0,0.0,0,0.0,0.9457209299998794,inf,0,0.0,0,0.0,inf,0,0.0,0,0.0,1.335637465000218,inf,0,0.0,0,0.0,inf,0,0.0,0,0.0,2.083221823999338,4.379185787000097
exp,exp,250,80,80,179,inf,0,0.0,0,0.0,inf,0,0.0,0,0.0,inf,0,0.0,0,0.0,inf,0,0.0,0,0.0,0.9583283550000488,inf,0,0.0,0,0.0,inf,0,0.0,0,0.0,1.335901195000588,inf,0,0.0,0,0.0,inf,0,0.0,0,0.0,2.1989217069994993,4.5077558220000356
exp,exp,250,80,80,180,inf,0,0.0,0,0.0,inf,0,0.0,0,0.0,inf,0,0.0,0,0.0,inf,0,0.0,0,0.0,0.8719769660001475,inf,0,0.0,0,0.0,inf,0,0.0,0,0.0,1.5284608339998158,inf,0,0.0,0,0.0,inf,0,0.0,0,0.0,2.1028012180004225,4.570859354000277
exp,exp,250,80,80,181,inf,0,0.0,0,0.0,inf,0,0.0,0,0.0,inf,0,0.0,0,0.0,inf,0,0.0,0,0.0,0.8643338490001042,inf,0,0.0,0,0.0,inf,0,0.0,0,0.0,1.2888705649993426,inf,0,0.0,0,0.0,inf,0,0.0,0,0.0,2.294528731000355,4.46247803300048
exp,exp,250,80,80,182,inf,0,0.0,0,0.0,inf,0,0.0,0,0.0,inf,0,0.0,0,0.0,inf,0,0.0,0,0.0,0.8769886740001311,inf,0,0.0,0,0.0,inf,0,0.0,0,0.0,1.5092693899996448,inf,0,0.0,0,0.0,inf,0,0.0,0,0.0,2.2594511240004067,4.660703062999346
exp,exp,250,80,80,183,inf,0,0.0,0,0.0,inf,0,0.0,0,0.0,inf,0,0.0,0,0.0,4.39897162682831,1,1.0,1,3.21285140562249e-05,0.8814045500002976,inf,0,0.0,0,0.0,4.39897162682831,1,1.0,1,3.21285140562249e-05,1.264209848000064,inf,0,0.0,0,0.0,4.39897162682831,1,1.0,1,3.21285140562249e-05,2.216600802999892,4.376711044000331
exp,exp,250,80,80,184,inf,0,0.0,0,0.0,inf,0,0.0,0,0.0,inf,0,0.0,0,0.0,inf,0,0.0,0,0.0,0.9450094379999427,inf,0,0.0,0,0.0,inf,0,0.0,0,0.0,1.3135221070006082,inf,0,0.0,0,0.0,inf,0,0.0,0,0.0,2.251255499999388,4.524340566000319
exp,exp,250,80,80,185,inf,0,0.0,0,0.0,inf,0,0.0,0,0.0,inf,0,0.0,0,0.0,4.546014325361965,1,1.0,1,3.21285140562249e-05,1.0691143409994766,inf,0,0.0,0,0.0,4.546014325361965,1,1.0,1,3.21285140562249e-05,1.3753191670002707,inf,0,0.0,0,0.0,4.546014325361965,1,1.0,1,3.21285140562249e-05,2.168980797000586,4.628023891000339
exp,exp,250,80,80,186,inf,0,0.0,0,0.0,inf,0,0.0,0,0.0,inf,0,0.0,0,0.0,inf,0,0.0,0,0.0,0.9380107420001877,inf,0,0.0,0,0.0,inf,0,0.0,0,0.0,1.3101634149998063,inf,0,0.0,0,0.0,inf,0,0.0,0,0.0,2.3107884639994154,4.574101707000409
exp,exp,250,80,80,187,inf,0,0.0,0,0.0,inf,0,0.0,0,0.0,inf,0,0.0,0,0.0,inf,0,0.0,0,0.0,0.9606176080005753,inf,0,0.0,0,0.0,inf,0,0.0,0,0.0,1.3126358710005661,inf,0,0.0,0,0.0,inf,0,0.0,0,0.0,2.1884211790002155,4.476217401000213
exp,exp,250,80,80,188,inf,0,0.0,0,0.0,inf,0,0.0,0,0.0,inf,0,0.0,0,0.0,inf,0,0.0,0,0.0,0.9091578339994157,inf,0,0.0,0,0.0,inf,0,0.0,0,0.0,1.3663212519995795,inf,0,0.0,0,0.0,inf,0,0.0,0,0.0,2.005424199999652,4.29529675699996
exp,exp,250,80,80,189,inf,0,0.0,0,0.0,inf,0,0.0,0,0.0,inf,0,0.0,0,0.0,inf,0,0.0,0,0.0,1.1520589739993738,inf,0,0.0,0,0.0,inf,0,0.0,0,0.0,1.2796431950000624,inf,0,0.0,0,0.0,inf,0,0.0,0,0.0,2.147513815999446,4.593523357000777
exp,exp,250,80,80,190,inf,0,0.0,0,0.0,inf,0,0.0,0,0.0,inf,0,0.0,0,0.0,inf,0,0.0,0,0.0,0.8765004839997346,inf,0,0.0,0,0.0,inf,0,0.0,0,0.0,1.441166546000204,inf,0,0.0,0,0.0,inf,0,0.0,0,0.0,2.0664619830004085,4.398493280999901
exp,exp,250,80,80,191,inf,0,0.0,0,0.0,inf,0,0.0,0,0.0,inf,0,0.0,0,0.0,inf,0,0.0,0,0.0,0.9274951830002465,inf,0,0.0,0,0.0,inf,0,0.0,0,0.0,1.3899451670004055,inf,0,0.0,0,0.0,inf,0,0.0,0,0.0,2.26033134500085,4.592222322999987
exp,exp,250,80,80,192,inf,0,0.0,0,0.0,inf,0,0.0,0,0.0,inf,0,0.0,0,0.0,inf,0,0.0,0,0.0,0.8781490619994656,inf,0,0.0,0,0.0,inf,0,0.0,0,0.0,1.2490026689993101,inf,0,0.0,0,0.0,inf,0,0.0,0,0.0,2.2643207000000984,4.4062346109994905
exp,exp,250,80,80,193,inf,0,0.0,0,0.0,inf,0,0.0,0,0.0,inf,0,0.0,0,0.0,inf,0,0.0,0,0.0,0.9325373169995146,inf,0,0.0,0,0.0,inf,0,0.0,0,0.0,1.3059878600006414,inf,0,0.0,0,0.0,inf,0,0.0,0,0.0,2.305047736999768,4.558044100999723
exp,exp,250,80,80,194,inf,0,0.0,0,0.0,inf,0,0.0,0,0.0,inf,0,0.0,0,0.0,inf,0,0.0,0,0.0,1.0192567770000096,inf,0,0.0,0,0.0,inf,0,0.0,0,0.0,1.303259517000697,inf,0,0.0,0,0.0,inf,0,0.0,0,0.0,2.150907479000125,4.501986811999814
exp,exp,250,80,80,195,inf,0,0.0,0,0.0,inf,0,0.0,0,0.0,inf,0,0.0,0,0.0,inf,0,0.0,0,0.0,0.8727384900003017,inf,0,0.0,0,0.0,inf,0,0.0,0,0.0,1.3420643839999684,inf,0,0.0,0,0.0,inf,0,0.0,0,0.0,2.05756889300028,4.28730985600032
exp,exp,250,80,80,196,inf,0,0.0,0,0.0,inf,0,0.0,0,0.0,inf,0,0.0,0,0.0,inf,0,0.0,0,0.0,1.0726869999998598,inf,0,0.0,0,0.0,inf,0,0.0,0,0.0,1.1095592399997258,inf,0,0.0,0,0.0,inf,0,0.0,0,0.0,2.2401295680001567,4.445759874999567
exp,exp,250,80,80,197,inf,0,0.0,0,0.0,inf,0,0.0,0,0.0,inf,0,0.0,0,0.0,inf,0,0.0,0,0.0,0.8849903339996672,inf,0,0.0,0,0.0,inf,0,0.0,0,0.0,1.2355110129992681,inf,0,0.0,0,0.0,inf,0,0.0,0,0.0,2.1301060040004813,4.265264734999619
exp,exp,250,80,80,198,inf,0,0.0,0,0.0,inf,0,0.0,0,0.0,inf,0,0.0,0,0.0,inf,0,0.0,0,0.0,0.9287885949997872,inf,0,0.0,0,0.0,inf,0,0.0,0,0.0,1.3337649420000162,inf,0,0.0,0,0.0,inf,0,0.0,0,0.0,2.1093362589999742,4.386706156999935
exp,exp,250,80,80,199,inf,0,0.0,0,0.0,inf,0,0.0,0,0.0,inf,0,0.0,0,0.0,inf,0,0.0,0,0.0,0.9364311030003591,inf,0,0.0,0,0.0,inf,0,0.0,0,0.0,1.169292351999502,inf,0,0.0,0,0.0,inf,0,0.0,0,0.0,2.0804735330002586,4.2010788610004965
exp,exp,250,80,80,200,inf,0,0.0,0,0.0,inf,0,0.0,0,0.0,inf,0,0.0,0,0.0,inf,0,0.0,0,0.0,0.9127134000000297,inf,0,0.0,0,0.0,inf,0,0.0,0,0.0,1.2667928030004987,inf,0,0.0,0,0.0,inf,0,0.0,0,0.0,2.2433817629998885,4.437525523999284
exp,exp,250,80,80,201,inf,0,0.0,0,0.0,inf,0,0.0,0,0.0,inf,0,0.0,0,0.0,inf,0,0.0,0,0.0,0.8778535299998111,inf,0,0.0,0,0.0,inf,0,0.0,0,0.0,1.1686151670000982,inf,0,0.0,0,0.0,inf,0,0.0,0,0.0,2.23683899200023,4.298494442999981
exp,exp,250,80,80,202,4.805297796368925,1,1.0,1,3.21285140562249e-05,4.805297796368925,1,1.0,1,3.21285140562249e-05,inf,0,0.0,0,0.0,4.805297796368925,1,1.0,1,3.21285140562249e-05,0.8643480450000425,inf,0,0.0,0,0.0,4.805297796368925,1,1.0,1,3.21285140562249e-05,1.2211872310008403,4.805297796368925,1,1.0,1,3.21285140562249e-05,4.805297796368925,1,1.0,1,3.21285140562249e-05,1.9887151990005805,4.090901791999386
exp,exp,250,80,80,203,inf,0,0.0,0,0.0,inf,0,0.0,0,0.0,inf,0,0.0,0,0.0,inf,0,0.0,0,0.0,1.0842523030005395,inf,0,0.0,0,0.0,inf,0,0.0,0,0.0,1.2465289109995865,inf,0,0.0,0,0.0,inf,0,0.0,0,0.0,2.102477393999834,4.449000708000312
exp,exp,250,80,80,204,inf,0,0.0,0,0.0,inf,0,0.0,0,0.0,inf,0,0.0,0,0.0,inf,0,0.0,0,0.0,0.8726002140001583,inf,0,0.0,0,0.0,inf,0,0.0,0,0.0,1.3118330600000263,inf,0,0.0,0,0.0,inf,0,0.0,0,0.0,2.020116908000091,4.219106087999535
exp,exp,250,80,80,205,inf,0,0.0,0,0.0,inf,0,0.0,0,0.0,inf,0,0.0,0,0.0,inf,0,0.0,0,0.0,0.8908660830002191,inf,0,0.0,0,0.0,inf,0,0.0,0,0.0,1.1338388800004395,inf,0,0.0,0,0.0,inf,0,0.0,0,0.0,2.3231604580005296,4.362341279000248
exp,exp,250,80,80,206,inf,0,0.0,0,0.0,inf,0,0.0,0,0.0,inf,0,0.0,0,0.0,inf,0,0.0,0,0.0,0.907698549000088,inf,0,0.0,0,0.0,inf,0,0.0,0,0.0,1.1244207839999945,inf,0,0.0,0,0.0,inf,0,0.0,0,0.0,2.590599199999815,4.637721043000056
exp,exp,250,80,80,207,inf,0,0.0,0,0.0,inf,0,0.0,0,0.0,inf,0,0.0,0,0.0,inf,0,0.0,0,0.0,0.9078093070002069,inf,0,0.0,0,0.0,inf,0,0.0,0,0.0,1.3083926620001876,inf,0,0.0,0,0.0,inf,0,0.0,0,0.0,2.2076172359993507,4.438413801999559
exp,exp,250,80,80,208,inf,0,0.0,0,0.0,inf,0,0.0,0,0.0,inf,0,0.0,0,0.0,inf,0,0.0,0,0.0,0.9165900999996666,inf,0,0.0,0,0.0,inf,0,0.0,0,0.0,1.1828216479998446,inf,0,0.0,0,0.0,inf,0,0.0,0,0.0,2.143247564000376,4.264056731999517
exp,exp,250,80,80,209,inf,0,0.0,0,0.0,inf,0,0.0,0,0.0,inf,0,0.0,0,0.0,inf,0,0.0,0,0.0,0.8608064529998956,inf,0,0.0,0,0.0,inf,0,0.0,0,0.0,1.2150355809999382,inf,0,0.0,0,0.0,inf,0,0.0,0,0.0,2.1117371139998795,4.202154499999779
exp,exp,250,80,80,210,inf,0,0.0,0,0.0,inf,0,0.0,0,0.0,inf,0,0.0,0,0.0,inf,0,0.0,0,0.0,0.9496527749997767,inf,0,0.0,0,0.0,inf,0,0.0,0,0.0,1.2531588089996148,inf,0,0.0,0,0.0,inf,0,0.0,0,0.0,2.1886088199998994,4.405927677999898
exp,exp,250,80,80,211,5.836964208952476,1,1.0,1,3.21285140562249e-05,5.836964208952476,1,1.0,1,3.21285140562249e-05,5.836964208952476,1,1.0,1,3.21285140562249e-05,5.836964208952476,1,1.0,1,3.21285140562249e-05,0.869730002000324,5.836964208952476,1,1.0,1,3.21285140562249e-05,5.836964208952476,1,1.0,1,3.21285140562249e-05,1.2659096349998435,5.836964208952476,1,1.0,1,3.21285140562249e-05,5.836964208952476,1,1.0,1,3.21285140562249e-05,2.0847075070005303,4.234984372999861
exp,exp,250,80,80,212,inf,0,0.0,0,0.0,inf,0,0.0,0,0.0,inf,0,0.0,0,0.0,inf,0,0.0,0,0.0,0.9574352469999212,inf,0,0.0,0,0.0,4.282996602795464,2,1.0,1,6.42570281124498e-05,1.3958794890004356,inf,0,0.0,0,0.0,4.282996602795464,2,1.0,1,6.42570281124498e-05,2.071023327000148,4.440644728000734
exp,exp,250,80,80,213,inf,0,0.0,0,0.0,inf,0,0.0,0,0.0,inf,0,0.0,0,0.0,inf,0,0.0,0,0.0,0.9148309290003453,inf,0,0.0,0,0.0,inf,0,0.0,0,0.0,1.2908020879995092,inf,0,0.0,0,0.0,inf,0,0.0,0,0.0,1.9907976670001517,4.211119857000085
exp,exp,250,80,80,214,5.3817848000691555,1,1.0,1,3.21285140562249e-05,5.3817848000691555,1,1.0,1,3.21285140562249e-05,5.3817848000691555,1,1.0,1,3.21285140562249e-05,5.3817848000691555,1,1.0,1,3.21285140562249e-05,0.8701507690002472,5.3817848000691555,1,1.0,1,3.21285140562249e-05,5.3817848000691555,1,1.0,1,3.21285140562249e-05,1.29551974900005,5.3817848000691555,1,1.0,1,3.21285140562249e-05,5.3817848000691555,1,1.0,1,3.21285140562249e-05,2.060022611000022,4.240780136000467
exp,exp,250,80,80,215,inf,0,0.0,0,0.0,inf,0,0.0,0,0.0,inf,0,0.0,0,0.0,inf,0,0.0,0,0.0,1.0553236710002238,inf,0,0.0,0,0.0,inf,0,0.0,0,0.0,1.180224845000339,inf,0,0.0,0,0.0,inf,0,0.0,0,0.0,2.091392917000121,4.342429858999822
exp,exp,250,80,80,216,inf,0,0.0,0,0.0,inf,0,0.0,0,0.0,inf,0,0.0,0,0.0,inf,0,0.0,0,0.0,0.9360712109992164,inf,0,0.0,0,0.0,inf,0,0.0,0,0.0,1.2046528909995686,inf,0,0.0,0,0.0,inf,0,0.0,0,0.0,1.9124753999994937,4.068677620000017
exp,exp,250,80,80,217,inf,0,0.0,0,0.0,inf,0,0.0,0,0.0,inf,0,0.0,0,0.0,inf,0,0.0,0,0.0,0.8715145249998386,inf,0,0.0,0,0.0,inf,0,0.0,0,0.0,1.4098294999994323,inf,0,0.0,0,0.0,inf,0,0.0,0,0.0,2.0924118920002,4.388682464999874
exp,exp,250,80,80,218,inf,0,0.0,0,0.0,inf,0,0.0,0,0.0,inf,0,0.0,0,0.0,inf,0,0.0,0,0.0,0.8697142159999203,inf,0,0.0,0,0.0,inf,0,0.0,0,0.0,1.2573514430005162,inf,0,0.0,0,0.0,inf,0,0.0,0,0.0,2.021167300000343,4.163481618000333
exp,exp,250,80,80,219,inf,0,0.0,0,0.0,inf,0,0.0,0,0.0,inf,0,0.0,0,0.0,inf,0,0.0,0,0.0,0.9112739950005562,inf,0,0.0,0,0.0,inf,0,0.0,0,0.0,1.2336315620004825,inf,0,0.0,0,0.0,inf,0,0.0,0,0.0,1.9761154480002006,4.135706221999499
exp,exp,250,80,80,220,inf,0,0.0,0,0.0,inf,0,0.0,0,0.0,inf,0,0.0,0,0.0,inf,0,0.0,0,0.0,1.1163565409997318,inf,0,0.0,0,0.0,inf,0,0.0,0,0.0,1.2277834529995744,inf,0,0.0,0,0.0,inf,0,0.0,0,0.0,1.990074569999706,4.351048513000023
exp,exp,250,80,80,221,inf,0,0.0,0,0.0,inf,0,0.0,0,0.0,inf,0,0.0,0,0.0,inf,0,0.0,0,0.0,0.8626444639994588,inf,0,0.0,0,0.0,inf,0,0.0,0,0.0,1.2823889900000722,inf,0,0.0,0,0.0,inf,0,0.0,0,0.0,1.9951411779993578,4.155180609999661
exp,exp,250,80,80,222,inf,0,0.0,0,0.0,inf,0,0.0,0,0.0,inf,0,0.0,0,0.0,inf,0,0.0,0,0.0,0.9004720670000097,inf,0,0.0,0,0.0,inf,0,0.0,0,0.0,1.3683128319999014,inf,0,0.0,0,0.0,inf,0,0.0,0,0.0,2.1103232590003245,4.394976003999545
exp,exp,250,80,80,223,inf,0,0.0,0,0.0,inf,0,0.0,0,0.0,inf,0,0.0,0,0.0,inf,0,0.0,0,0.0,0.9264074090006034,inf,0,0.0,0,0.0,inf,0,0.0,0,0.0,1.1924515299997438,inf,0,0.0,0,0.0,inf,0,0.0,0,0.0,2.0402015460003895,4.17561100399962
exp,exp,250,80,80,224,inf,0,0.0,0,0.0,inf,0,0.0,0,0.0,inf,0,0.0,0,0.0,inf,0,0.0,0,0.0,0.9181644399996003,inf,0,0.0,0,0.0,inf,0,0.0,0,0.0,1.201257790999989,inf,0,0.0,0,0.0,inf,0,0.0,0,0.0,2.105932514000415,4.240294385999732
exp,exp,250,80,80,225,inf,0,0.0,0,0.0,inf,0,0.0,0,0.0,inf,0,0.0,0,0.0,inf,0,0.0,0,0.0,0.8868373149998661,inf,0,0.0,0,0.0,inf,0,0.0,0,0.0,1.4025167359995976,inf,0,0.0,0,0.0,inf,0,0.0,0,0.0,1.9711217270005363,4.2753414409999095
exp,exp,250,80,80,226,inf,0,0.0,0,0.0,inf,0,0.0,0,0.0,inf,0,0.0,0,0.0,inf,0,0.0,0,0.0,0.8487248970004657,inf,0,0.0,0,0.0,inf,0,0.0,0,0.0,1.3113298930002202,inf,0,0.0,0,0.0,inf,0,0.0,0,0.0,2.0399487439999575,4.2285099330001685
exp,exp,250,80,80,227,inf,0,0.0,0,0.0,inf,0,0.0,0,0.0,inf,0,0.0,0,0.0,inf,0,0.0,0,0.0,0.8459214120002798,inf,0,0.0,0,0.0,inf,0,0.0,0,0.0,1.4220272239999758,inf,0,0.0,0,0.0,inf,0,0.0,0,0.0,2.020725534999656,4.30348328799937
exp,exp,250,80,80,228,inf,0,0.0,0,0.0,inf,0,0.0,0,0.0,inf,0,0.0,0,0.0,inf,0,0.0,0,0.0,0.9287318590004361,inf,0,0.0,0,0.0,inf,0,0.0,0,0.0,1.2174693460001436,inf,0,0.0,0,0.0,inf,0,0.0,0,0.0,1.987513447999845,4.148678941999606
exp,exp,250,80,80,229,inf,0,0.0,0,0.0,inf,0,0.0,0,0.0,inf,0,0.0,0,0.0,4.38829610883648,1,1.0,1,3.21285140562249e-05,0.9332478500000434,inf,0,0.0,0,0.0,inf,0,0.0,0,0.0,1.2171464840002955,inf,0,0.0,0,0.0,inf,0,0.0,0,0.0,2.122700820999853,4.2880805320000945
exp,exp,250,80,80,230,inf,0,0.0,0,0.0,inf,0,0.0,0,0.0,inf,0,0.0,0,0.0,inf,0,0.0,0,0.0,0.915811167999891,inf,0,0.0,0,0.0,inf,0,0.0,0,0.0,1.4177334040005007,inf,0,0.0,0,0.0,inf,0,0.0,0,0.0,1.8762838539996665,4.224603761999788
exp,exp,250,80,80,231,inf,0,0.0,0,0.0,inf,0,0.0,0,0.0,inf,0,0.0,0,0.0,4.449884182041679,1,1.0,1,3.21285140562249e-05,0.9538070260005043,4.449884182041679,1,1.0,1,3.21285140562249e-05,4.449884182041679,1,1.0,1,3.21285140562249e-05,1.251501372000348,inf,0,0.0,0,0.0,4.449884182041679,1,1.0,1,3.21285140562249e-05,2.1824730569996973,4.4035712040004
exp,exp,250,80,80,232,inf,0,0.0,0,0.0,inf,0,0.0,0,0.0,4.55494824634403,1,1.0,1,3.21285140562249e-05,4.55494824634403,1,1.0,1,3.21285140562249e-05,0.9817358959999183,4.55494824634403,1,1.0,1,3.21285140562249e-05,4.55494824634403,1,1.0,1,3.21285140562249e-05,1.2939194450000286,4.55494824634403,1,1.0,1,3.21285140562249e-05,4.55494824634403,1,1.0,1,3.21285140562249e-05,1.9481846919998134,4.241983357000208
exp,exp,250,80,80,233,inf,0,0.0,0,0.0,inf,0,0.0,0,0.0,inf,0,0.0,0,0.0,inf,0,0.0,0,0.0,0.9722052819997771,inf,0,0.0,0,0.0,inf,0,0.0,0,0.0,1.1730778989995088,inf,0,0.0,0,0.0,inf,0,0.0,0,0.0,1.9863666169994758,4.170361122000031
exp,exp,250,80,80,234,inf,0,0.0,0,0.0,inf,0,0.0,0,0.0,inf,0,0.0,0,0.0,inf,0,0.0,0,0.0,0.892193552000208,inf,0,0.0,0,0.0,inf,0,0.0,0,0.0,1.2585076239993214,inf,0,0.0,0,0.0,inf,0,0.0,0,0.0,2.177965819999372,4.343466927999543
exp,exp,250,80,80,235,inf,0,0.0,0,0.0,inf,0,0.0,0,0.0,inf,0,0.0,0,0.0,inf,0,0.0,0,0.0,0.8761862669998663,inf,0,0.0,0,0.0,inf,0,0.0,0,0.0,1.2253772310004933,inf,0,0.0,0,0.0,inf,0,0.0,0,0.0,1.9795760219994918,4.0957234469997275
exp,exp,250,80,80,236,inf,0,0.0,0,0.0,inf,0,0.0,0,0.0,inf,0,0.0,0,0.0,inf,0,0.0,0,0.0,0.9575280810004188,inf,0,0.0,0,0.0,inf,0,0.0,0,0.0,1.2100021629994444,inf,0,0.0,0,0.0,inf,0,0.0,0,0.0,1.9713772639997842,4.155057711000154
exp,exp,250,80,80,237,inf,0,0.0,0,0.0,inf,0,0.0,0,0.0,inf,0,0.0,0,0.0,inf,0,0.0,0,0.0,1.0864768729998104,inf,0,0.0,0,0.0,inf,0,0.0,0,0.0,1.2325875520000409,inf,0,0.0,0,0.0,inf,0,0.0,0,0.0,1.9813536470001054,4.333261280999977
exp,exp,250,80,80,238,inf,0,0.0,0,0.0,inf,0,0.0,0,0.0,inf,0,0.0,0,0.0,inf,0,0.0,0,0.0,0.9001363739998851,inf,0,0.0,0,0.0,inf,0,0.0,0,0.0,1.3975184359997002,inf,0,0.0,0,0.0,inf,0,0.0,0,0.0,1.9635622409996358,4.27603898399957
exp,exp,250,80,80,239,inf,0,0.0,0,0.0,inf,0,0.0,0,0.0,inf,0,0.0,0,0.0,inf,0,0.0,0,0.0,0.9814294749994588,inf,0,0.0,0,0.0,inf,0,0.0,0,0.0,1.3097087369997098,inf,0,0.0,0,0.0,inf,0,0.0,0,0.0,2.134769219000191,4.441185113000756
exp,exp,250,80,80,240,inf,0,0.0,0,0.0,inf,0,0.0,0,0.0,inf,0,0.0,0,0.0,inf,0,0.0,0,0.0,0.8340914989994417,inf,0,0.0,0,0.0,inf,0,0.0,0,0.0,1.2583309830006328,inf,0,0.0,0,0.0,inf,0,0.0,0,0.0,1.9893442560005496,4.096556590000546
exp,exp,250,80,80,241,inf,0,0.0,0,0.0,inf,0,0.0,0,0.0,inf,0,0.0,0,0.0,inf,0,0.0,0,0.0,0.970442302000265,inf,0,0.0,0,0.0,inf,0,0.0,0,0.0,1.1818172880002749,inf,0,0.0,0,0.0,inf,0,0.0,0,0.0,2.169703682000545,4.343094161000408
exp,exp,250,80,80,242,inf,0,0.0,0,0.0,inf,0,0.0,0,0.0,inf,0,0.0,0,0.0,inf,0,0.0,0,0.0,0.8750051839997468,inf,0,0.0,0,0.0,inf,0,0.0,0,0.0,1.3052008580007168,inf,0,0.0,0,0.0,inf,0,0.0,0,0.0,1.9880002770005376,4.185738240000319
exp,exp,250,80,80,243,inf,0,0.0,0,0.0,inf,0,0.0,0,0.0,inf,0,0.0,0,0.0,inf,0,0.0,0,0.0,0.8740105569995649,inf,0,0.0,0,0.0,inf,0,0.0,0,0.0,1.2915747379993263,inf,0,0.0,0,0.0,inf,0,0.0,0,0.0,2.0543220709996604,4.236600401999567
exp,exp,250,80,80,244,inf,0,0.0,0,0.0,inf,0,0.0,0,0.0,inf,0,0.0,0,0.0,inf,0,0.0,0,0.0,0.912900819999777,inf,0,0.0,0,0.0,inf,0,0.0,0,0.0,1.3145214619999024,inf,0,0.0,0,0.0,inf,0,0.0,0,0.0,2.1675750829999743,4.409677091000049
exp,exp,250,80,80,245,5.336012860984802,1,1.0,1,3.21285140562249e-05,5.336012860984802,1,1.0,1,3.21285140562249e-05,5.336012860984802,1,1.0,1,3.21285140562249e-05,3.9792098861978893,2,1.0,1,6.42570281124498e-05,0.8401732410002296,5.336012860984802,1,1.0,1,3.21285140562249e-05,5.336012860984802,1,1.0,1,3.21285140562249e-05,1.1588676679994023,5.336012860984802,1,1.0,1,3.21285140562249e-05,5.336012860984802,1,1.0,1,3.21285140562249e-05,2.054014260999793,4.067837559000509
exp,exp,250,80,80,246,inf,0,0.0,0,0.0,inf,0,0.0,0,0.0,inf,0,0.0,0,0.0,inf,0,0.0,0,0.0,0.877206651999586,inf,0,0.0,0,0.0,inf,0,0.0,0,0.0,1.3050354310007606,inf,0,0.0,0,0.0,inf,0,0.0,0,0.0,2.0902737599999455,4.306267586999638
exp,exp,250,80,80,247,inf,0,0.0,0,0.0,inf,0,0.0,0,0.0,inf,0,0.0,0,0.0,inf,0,0.0,0,0.0,0.8836263349994624,inf,0,0.0,0,0.0,inf,0,0.0,0,0.0,1.2271352449997721,inf,0,0.0,0,0.0,inf,0,0.0,0,0.0,2.061054398000124,4.251016487000015
exp,exp,250,80,80,248,inf,0,0.0,0,0.0,inf,0,0.0,0,0.0,inf,0,0.0,0,0.0,inf,0,0.0,0,0.0,0.8691442790004658,inf,0,0.0,0,0.0,inf,0,0.0,0,0.0,1.2503214420003133,inf,0,0.0,0,0.0,inf,0,0.0,0,0.0,1.9587015940005585,4.0929529599998205
exp,exp,250,80,80,249,inf,0,0.0,0,0.0,inf,0,0.0,0,0.0,inf,0,0.0,0,0.0,inf,0,0.0,0,0.0,1.025486899000498,inf,0,0.0,0,0.0,inf,0,0.0,0,0.0,1.205374115000268,inf,0,0.0,0,0.0,inf,0,0.0,0,0.0,1.9693069089998971,4.215145296000628
exp,exp,250,80,80,250,inf,0,0.0,0,0.0,inf,0,0.0,0,0.0,inf,0,0.0,0,0.0,inf,0,0.0,0,0.0,0.8772845849998703,inf,0,0.0,0,0.0,inf,0,0.0,0,0.0,1.222513987999264,inf,0,0.0,0,0.0,inf,0,0.0,0,0.0,2.0418351759999496,4.156408451999596
exp,exp,250,80,80,251,inf,0,0.0,0,0.0,inf,0,0.0,0,0.0,inf,0,0.0,0,0.0,inf,0,0.0,0,0.0,0.842649781999171,inf,0,0.0,0,0.0,inf,0,0.0,0,0.0,1.2542613700006768,inf,0,0.0,0,0.0,inf,0,0.0,0,0.0,2.128928668000299,4.2405888660005076
exp,exp,250,80,80,252,inf,0,0.0,0,0.0,inf,0,0.0,0,0.0,inf,0,0.0,0,0.0,inf,0,0.0,0,0.0,0.9317767840002489,inf,0,0.0,0,0.0,inf,0,0.0,0,0.0,1.1471138850001807,inf,0,0.0,0,0.0,inf,0,0.0,0,0.0,2.0220784200000708,4.122622694999336
exp,exp,250,80,80,253,inf,0,0.0,0,0.0,inf,0,0.0,0,0.0,inf,0,0.0,0,0.0,inf,0,0.0,0,0.0,0.8854021220004142,inf,0,0.0,0,0.0,inf,0,0.0,0,0.0,1.227821775000848,inf,0,0.0,0,0.0,inf,0,0.0,0,0.0,1.9473128939998787,4.0763983249999
exp,exp,250,80,80,254,inf,0,0.0,0,0.0,inf,0,0.0,0,0.0,inf,0,0.0,0,0.0,inf,0,0.0,0,0.0,1.0199439979996896,inf,0,0.0,0,0.0,inf,0,0.0,0,0.0,1.4266149590002897,inf,0,0.0,0,0.0,inf,0,0.0,0,0.0,1.9373520270000881,4.398797525999726
exp,exp,250,80,80,255,inf,0,0.0,0,0.0,inf,0,0.0,0,0.0,inf,0,0.0,0,0.0,inf,0,0.0,0,0.0,0.9122440690007352,inf,0,0.0,0,0.0,inf,0,0.0,0,0.0,1.2017328269994323,inf,0,0.0,0,0.0,inf,0,0.0,0,0.0,2.104274539000471,4.232895004000056
exp,exp,250,80,80,256,4.840634396224454,1,1.0,1,3.21285140562249e-05,4.840634396224454,1,1.0,1,3.21285140562249e-05,4.840634396224454,1,1.0,1,3.21285140562249e-05,4.840634396224454,1,1.0,1,3.21285140562249e-05,0.839072933999887,4.840634396224454,1,1.0,1,3.21285140562249e-05,4.840634396224454,1,1.0,1,3.21285140562249e-05,1.2299277400006758,4.840634396224454,1,1.0,1,3.21285140562249e-05,4.840634396224454,1,1.0,1,3.21285140562249e-05,2.321680873000332,4.406179110999801
exp,exp,250,80,80,257,inf,0,0.0,0,0.0,inf,0,0.0,0,0.0,inf,0,0.0,0,0.0,inf,0,0.0,0,0.0,0.9025435430003199,inf,0,0.0,0,0.0,4.274669427201775,1,1.0,1,3.21285140562249e-05,1.1619098780001877,inf,0,0.0,0,0.0,inf,0,0.0,0,0.0,1.9851522099997965,4.064676787999815
exp,exp,250,80,80,258,inf,0,0.0,0,0.0,inf,0,0.0,0,0.0,inf,0,0.0,0,0.0,inf,0,0.0,0,0.0,0.976159765000375,inf,0,0.0,0,0.0,inf,0,0.0,0,0.0,1.1731184539994501,inf,0,0.0,0,0.0,inf,0,0.0,0,0.0,1.9879572999998345,4.15203097199992
exp,exp,250,80,80,259,5.266002444324493,2,1.0,1,6.42570281124498e-05,5.266002444324493,2,1.0,1,6.42570281124498e-05,5.266002444324493,2,1.0,1,6.42570281124498e-05,3.459783899678066,3,1.0,1,9.63855421686747e-05,1.048044672999822,5.266002444324493,2,1.0,1,6.42570281124498e-05,3.459783899678066,3,1.0,1,9.63855421686747e-05,1.376716258999295,5.266002444324493,2,1.0,1,6.42570281124498e-05,3.459783899678066,3,1.0,1,9.63855421686747e-05,1.8757592519996251,4.315517123000063
exp,exp,250,80,80,260,inf,0,0.0,0,0.0,inf,0,0.0,0,0.0,inf,0,0.0,0,0.0,inf,0,0.0,0,0.0,0.9081331309998859,inf,0,0.0,0,0.0,inf,0,0.0,0,0.0,1.252133106000656,inf,0,0.0,0,0.0,inf,0,0.0,0,0.0,2.043864964999557,4.221340382000562
exp,exp,250,80,80,261,inf,0,0.0,0,0.0,inf,0,0.0,0,0.0,inf,0,0.0,0,0.0,inf,0,0.0,0,0.0,0.8618852770005105,inf,0,0.0,0,0.0,inf,0,0.0,0,0.0,1.2997736469997108,inf,0,0.0,0,0.0,inf,0,0.0,0,0.0,2.0431082129998686,4.219537222999861
exp,exp,250,80,80,262,inf,0,0.0,0,0.0,inf,0,0.0,0,0.0,inf,0,0.0,0,0.0,inf,0,0.0,0,0.0,0.9281401139996888,inf,0,0.0,0,0.0,inf,0,0.0,0,0.0,1.2354994560000705,inf,0,0.0,0,0.0,inf,0,0.0,0,0.0,1.9793500100004167,4.15788371600047
exp,exp,250,80,80,263,inf,0,0.0,0,0.0,inf,0,0.0,0,0.0,inf,0,0.0,0,0.0,4.654283301569175,1,1.0,1,3.21285140562249e-05,0.9066011599998092,inf,0,0.0,0,0.0,4.654283301569175,1,1.0,1,3.21285140562249e-05,1.2710594189993571,inf,0,0.0,0,0.0,4.654283301569175,1,1.0,1,3.21285140562249e-05,2.0731998400005978,4.2657163670000955
exp,exp,250,80,80,264,inf,0,0.0,0,0.0,inf,0,0.0,0,0.0,inf,0,0.0,0,0.0,inf,0,0.0,0,0.0,0.920628129000761,inf,0,0.0,0,0.0,inf,0,0.0,0,0.0,1.2229444590002458,inf,0,0.0,0,0.0,inf,0,0.0,0,0.0,1.9721311589992183,4.131309393000265
exp,exp,250,80,80,265,inf,0,0.0,0,0.0,inf,0,0.0,0,0.0,inf,0,0.0,0,0.0,inf,0,0.0,0,0.0,0.8864374780005164,inf,0,0.0,0,0.0,inf,0,0.0,0,0.0,1.2868780799999513,inf,0,0.0,0,0.0,inf,0,0.0,0,0.0,1.9441848870001195,4.132455855999979
exp,exp,250,80,80,266,inf,0,0.0,0,0.0,inf,0,0.0,0,0.0,inf,0,0.0,0,0.0,inf,0,0.0,0,0.0,0.9505945660002908,inf,0,0.0,0,0.0,inf,0,0.0,0,0.0,1.3833946040003866,inf,0,0.0,0,0.0,inf,0,0.0,0,0.0,1.9456628560001263,4.294117463000475
exp,exp,250,80,80,267,4.844759469099077,1,1.0,1,3.21285140562249e-05,4.844759469099077,1,1.0,1,3.21285140562249e-05,4.844759469099077,1,1.0,1,3.21285140562249e-05,4.844759469099077,1,1.0,1,3.21285140562249e-05,0.8512902660004329,4.844759469099077,1,1.0,1,3.21285140562249e-05,4.844759469099077,1,1.0,1,3.21285140562249e-05,1.3140375660004793,4.844759469099077,1,1.0,1,3.21285140562249e-05,4.844759469099077,1,1.0,1,3.21285140562249e-05,1.9891663839998728,4.170435949000421
exp,exp,250,80,80,268,inf,0,0.0,0,0.0,inf,0,0.0,0,0.0,inf,0,0.0,0,0.0,inf,0,0.0,0,0.0,0.8844056620000629,inf,0,0.0,0,0.0,inf,0,0.0,0,0.0,1.1861484009996275,inf,0,0.0,0,0.0,inf,0,0.0,0,0.0,2.300648736999392,4.385938030999569
exp,exp,250,80,80,269,inf,0,0.0,0,0.0,inf,0,0.0,0,0.0,inf,0,0.0,0,0.0,inf,0,0.0,0,0.0,0.8324498920001133,inf,0,0.0,0,0.0,inf,0,0.0,0,0.0,1.1682956009999543,inf,0,0.0,0,0.0,inf,0,0.0,0,0.0,1.9490303000002314,3.9647193319997314
exp,exp,250,80,80,270,inf,0,0.0,0,0.0,inf,0,0.0,0,0.0,inf,0,0.0,0,0.0,inf,0,0.0,0,0.0,0.9775325179998617,inf,0,0.0,0,0.0,inf,0,0.0,0,0.0,1.244278232000397,inf,0,0.0,0,0.0,inf,0,0.0,0,0.0,1.8990078490005544,4.140483043000131
exp,exp,250,80,80,271,inf,0,0.0,0,0.0,inf,0,0.0,0,0.0,inf,0,0.0,0,0.0,inf,0,0.0,0,0.0,0.8963241009996636,inf,0,0.0,0,0.0,inf,0,0.0,0,0.0,1.5151393349997306,inf,0,0.0,0,0.0,inf,0,0.0,0,0.0,1.956049645999883,4.382397471000331
exp,exp,250,80,80,272,inf,0,0.0,0,0.0,inf,0,0.0,0,0.0,inf,0,0.0,0,0.0,inf,0,0.0,0,0.0,0.8332737299997461,inf,0,0.0,0,0.0,inf,0,0.0,0,0.0,1.1674026129994672,inf,0,0.0,0,0.0,inf,0,0.0,0,0.0,2.14127726300012,4.158716892000484
exp,exp,250,80,80,273,inf,0,0.0,0,0.0,inf,0,0.0,0,0.0,inf,0,0.0,0,0.0,inf,0,0.0,0,0.0,0.8561695059997874,inf,0,0.0,0,0.0,inf,0,0.0,0,0.0,1.2221663970003647,inf,0,0.0,0,0.0,inf,0,0.0,0,0.0,2.169092723999711,4.262190114999612
exp,exp,250,80,80,274,inf,0,0.0,0,0.0,inf,0,0.0,0,0.0,inf,0,0.0,0,0.0,inf,0,0.0,0,0.0,0.9629913899998428,inf,0,0.0,0,0.0,inf,0,0.0,0,0.0,1.1735325579993514,inf,0,0.0,0,0.0,inf,0,0.0,0,0.0,1.9877015389993176,4.138972860999274
exp,exp,250,80,80,275,inf,0,0.0,0,0.0,inf,0,0.0,0,0.0,inf,0,0.0,0,0.0,inf,0,0.0,0,0.0,0.8758938910004872,inf,0,0.0,0,0.0,inf,0,0.0,0,0.0,1.3205531030007478,inf,0,0.0,0,0.0,inf,0,0.0,0,0.0,1.890187601999969,4.101448592999986
exp,exp,250,80,80,276,inf,0,0.0,0,0.0,inf,0,0.0,0,0.0,inf,0,0.0,0,0.0,inf,0,0.0,0,0.0,0.9279620110000906,inf,0,0.0,0,0.0,inf,0,0.0,0,0.0,1.378001027999744,inf,0,0.0,0,0.0,inf,0,0.0,0,0.0,2.035011205000046,4.355681602000004
exp,exp,250,80,80,277,inf,0,0.0,0,0.0,inf,0,0.0,0,0.0,inf,0,0.0,0,0.0,inf,0,0.0,0,0.0,0.8299519980000696,inf,0,0.0,0,0.0,inf,0,0.0,0,0.0,1.2060340580001139,inf,0,0.0,0,0.0,inf,0,0.0,0,0.0,2.493183064999357,4.550118864000069
exp,exp,250,80,80,278,inf,0,0.0,0,0.0,inf,0,0.0,0,0.0,inf,0,0.0,0,0.0,inf,0,0.0,0,0.0,0.8685782699994888,inf,0,0.0,0,0.0,inf,0,0.0,0,0.0,1.3818850890002068,inf,0,0.0,0,0.0,inf,0,0.0,0,0.0,2.1357853219997196,4.42193281299933
exp,exp,250,80,80,279,inf,0,0.0,0,0.0,inf,0,0.0,0,0.0,4.641978710814059,1,1.0,1,3.21285140562249e-05,4.641978710814059,1,1.0,1,3.21285140562249e-05,0.8644788490000792,4.641978710814059,1,1.0,1,3.21285140562249e-05,4.641978710814059,1,1.0,1,3.21285140562249e-05,1.2522021529994163,4.641978710814059,1,1.0,1,3.21285140562249e-05,4.641978710814059,1,1.0,1,3.21285140562249e-05,2.04476554699977,4.179737036999541
exp,exp,250,80,80,280,inf,0,0.0,0,0.0,inf,0,0.0,0,0.0,4.599660446835928,1,1.0,1,3.21285140562249e-05,4.599660446835928,1,1.0,1,3.21285140562249e-05,0.8519984880003904,inf,0,0.0,0,0.0,4.599660446835928,1,1.0,1,3.21285140562249e-05,1.2175185079995572,inf,0,0.0,0,0.0,4.599660446835928,1,1.0,1,3.21285140562249e-05,1.998805125999752,4.0830528859996775
exp,exp,250,80,80,281,inf,0,0.0,0,0.0,inf,0,0.0,0,0.0,inf,0,0.0,0,0.0,inf,0,0.0,0,0.0,1.131199684999956,inf,0,0.0,0,0.0,inf,0,0.0,0,0.0,1.1705716699998447,inf,0,0.0,0,0.0,inf,0,0.0,0,0.0,2.034103879000213,4.350495269999556
exp,exp,250,80,80,282,inf,0,0.0,0,0.0,inf,0,0.0,0,0.0,inf,0,0.0,0,0.0,inf,0,0.0,0,0.0,0.894166256999597,inf,0,0.0,0,0.0,inf,0,0.0,0,0.0,1.2418217929998718,inf,0,0.0,0,0.0,inf,0,0.0,0,0.0,1.9419613830004891,4.093320521000351
exp,exp,250,80,80,283,inf,0,0.0,0,0.0,inf,0,0.0,0,0.0,inf,0,0.0,0,0.0,inf,0,0.0,0,0.0,0.9054459809995024,inf,0,0.0,0,0.0,inf,0,0.0,0,0.0,1.5342992440000671,inf,0,0.0,0,0.0,inf,0,0.0,0,0.0,1.8860006380000414,4.341936138999699
exp,exp,250,80,80,284,inf,0,0.0,0,0.0,inf,0,0.0,0,0.0,inf,0,0.0,0,0.0,inf,0,0.0,0,0.0,0.9063555800003087,inf,0,0.0,0,0.0,inf,0,0.0,0,0.0,1.2015185270001894,inf,0,0.0,0,0.0,inf,0,0.0,0,0.0,2.1068147340001815,4.229364990999784
exp,exp,250,80,80,285,inf,0,0.0,0,0.0,inf,0,0.0,0,0.0,inf,0,0.0,0,0.0,inf,0,0.0,0,0.0,0.844334589999562,inf,0,0.0,0,0.0,inf,0,0.0,0,0.0,1.2339533300000767,inf,0,0.0,0,0.0,inf,0,0.0,0,0.0,2.182253695000327,4.2758069449992036
exp,exp,250,80,80,286,inf,0,0.0,0,0.0,inf,0,0.0,0,0.0,inf,0,0.0,0,0.0,inf,0,0.0,0,0.0,0.889577306999854,inf,0,0.0,0,0.0,inf,0,0.0,0,0.0,1.1718338560003758,inf,0,0.0,0,0.0,inf,0,0.0,0,0.0,1.9746801580004103,4.050880494000012
exp,exp,250,80,80,287,inf,0,0.0,0,0.0,inf,0,0.0,0,0.0,inf,0,0.0,0,0.0,inf,0,0.0,0,0.0,0.919668516999991,inf,0,0.0,0,0.0,inf,0,0.0,0,0.0,1.2320354120001866,inf,0,0.0,0,0.0,inf,0,0.0,0,0.0,1.9322417089997543,4.099598251000316
exp,exp,250,80,80,288,inf,0,0.0,0,0.0,inf,0,0.0,0,0.0,inf,0,0.0,0,0.0,inf,0,0.0,0,0.0,0.8969112769991625,inf,0,0.0,0,0.0,inf,0,0.0,0,0.0,1.4538895730001968,inf,0,0.0,0,0.0,inf,0,0.0,0,0.0,1.9860682270000325,4.355372512000031
exp,exp,250,80,80,289,inf,0,0.0,0,0.0,inf,0,0.0,0,0.0,inf,0,0.0,0,0.0,inf,0,0.0,0,0.0,0.8935665580002023,inf,0,0.0,0,0.0,inf,0,0.0,0,0.0,1.2281003449998025,inf,0,0.0,0,0.0,inf,0,0.0,0,0.0,2.092191439999624,4.228893413000151
exp,exp,250,80,80,290,inf,0,0.0,0,0.0,inf,0,0.0,0,0.0,inf,0,0.0,0,0.0,inf,0,0.0,0,0.0,0.8589721489997828,inf,0,0.0,0,0.0,inf,0,0.0,0,0.0,1.1927918749997843,inf,0,0.0,0,0.0,inf,0,0.0,0,0.0,2.1580831470000703,4.230582430999675
exp,exp,250,80,80,291,inf,0,0.0,0,0.0,inf,0,0.0,0,0.0,inf,0,0.0,0,0.0,inf,0,0.0,0,0.0,0.9186419140005455,inf,0,0.0,0,0.0,inf,0,0.0,0,0.0,1.2608299609992173,inf,0,0.0,0,0.0,inf,0,0.0,0,0.0,1.9268727300004684,4.121611056000802
exp,exp,250,80,80,292,inf,0,0.0,0,0.0,inf,0,0.0,0,0.0,inf,0,0.0,0,0.0,inf,0,0.0,0,0.0,0.9765563860000839,inf,0,0.0,0,0.0,inf,0,0.0,0,0.0,1.2201411349997215,inf,0,0.0,0,0.0,inf,0,0.0,0,0.0,2.029457739999998,4.24095562399998
exp,exp,250,80,80,293,inf,0,0.0,0,0.0,inf,0,0.0,0,0.0,inf,0,0.0,0,0.0,inf,0,0.0,0,0.0,0.8594263459999638,inf,0,0.0,0,0.0,inf,0,0.0,0,0.0,1.4256205520005096,inf,0,0.0,0,0.0,inf,0,0.0,0,0.0,1.9697886759995527,4.269566476999898
exp,exp,250,80,80,294,inf,0,0.0,0,0.0,inf,0,0.0,0,0.0,inf,0,0.0,0,0.0,inf,0,0.0,0,0.0,0.9289626589998079,inf,0,0.0,0,0.0,inf,0,0.0,0,0.0,1.2426923760003774,inf,0,0.0,0,0.0,inf,0,0.0,0,0.0,1.9532556500007558,4.139496394999696
exp,exp,250,80,80,295,5.028117474875267,1,1.0,1,3.21285140562249e-05,5.028117474875267,1,1.0,1,3.21285140562249e-05,5.028117474875267,1,1.0,1,3.21285140562249e-05,3.977353860579641,2,1.0,1,6.42570281124498e-05,0.9171957130001829,5.028117474875267,1,1.0,1,3.21285140562249e-05,3.977353860579641,2,1.0,1,6.42570281124498e-05,1.235371320000013,5.028117474875267,1,1.0,1,3.21285140562249e-05,5.028117474875267,1,1.0,1,3.21285140562249e-05,2.1930305649993898,4.361707003999982
exp,exp,250,80,80,296,inf,0,0.0,0,0.0,inf,0,0.0,0,0.0,inf,0,0.0,0,0.0,inf,0,0.0,0,0.0,0.8616980970000441,inf,0,0.0,0,0.0,inf,0,0.0,0,0.0,1.3305285569995249,inf,0,0.0,0,0.0,inf,0,0.0,0,0.0,1.9487921460004145,4.155760071999794
exp,exp,250,80,80,297,inf,0,0.0,0,0.0,inf,0,0.0,0,0.0,inf,0,0.0,0,0.0,inf,0,0.0,0,0.0,0.8968570690003617,inf,0,0.0,0,0.0,inf,0,0.0,0,0.0,1.223625429999629,inf,0,0.0,0,0.0,inf,0,0.0,0,0.0,2.12891224500072,4.26571680699999
exp,exp,250,80,80,298,inf,0,0.0,0,0.0,inf,0,0.0,0,0.0,inf,0,0.0,0,0.0,inf,0,0.0,0,0.0,1.0304961029996775,inf,0,0.0,0,0.0,inf,0,0.0,0,0.0,1.255728502999773,inf,0,0.0,0,0.0,inf,0,0.0,0,0.0,1.9501922930003275,4.252722521999203
exp,exp,250,80,80,299,inf,0,0.0,0,0.0,inf,0,0.0,0,0.0,inf,0,0.0,0,0.0,inf,0,0.0,0,0.0,0.9383858929995768,inf,0,0.0,0,0.0,inf,0,0.0,0,0.0,1.3800164479998784,inf,0,0.0,0,0.0,inf,0,0.0,0,0.0,1.947208872000374,4.280373814000086
