model,p,n1,n2,rho,block,seed,k_rate,R_bh_0.05,V_bh_0.05,S_bh_0.05,R_by_0.05,V_by_0.05,S_by_0.05,fdr_bh_0.05,power_bh_0.05,fdr_by_0.05,power_by_0.05,R_bh_0.1,V_bh_0.1,S_bh_0.1,R_by_0.1,V_by_0.1,S_by_0.1,fdr_bh_0.1,power_bh_0.1,fdr_by_0.1,power_by_0.1,t_lct_0.05,R_lct_0.05,V_lct_0.05,S_lct_0.05,fdr_lct_0.05,power_lct_0.05,t_lct_0.1,R_lct_0.1,V_lct_0.1,S_lct_0.1,fdr_lct_0.1,power_lct_0.1,t_lctb_0.05_B100,R_lctb_0.05_B100,V_lctb_0.05_B100,S_lctb_0.05_B100,fdr_lctb_0.05_B100,power_lctb_0.05_B100,t_lctb_0.1_B100,R_lctb_0.1_B100,V_lctb_0.1_B100,S_lctb_0.1_B100,fdr_lctb_0.1_B100,power_lctb_0.1_B100,wall_time_s
exp,250,80,80,0.3,20,0,1.0,0,0,0,0,0,0,0.0,0.0,0.0,0.0,0,0,0,0,0,0,0.0,0.0,0.0,0.0,inf,0,0,0,0.0,0.0,inf,0,0,0,0.0,0.0,inf,0,0,0,0.0,0.0,inf,0,0,0,0.0,0.0,9.554784
exp,250,80,80,0.3,20,1,1.0,0,0,0,0,0,0,0.0,0.0,0.0,0.0,0,0,0,0,0,0,0.0,0.0,0.0,0.0,inf,0,0,0,0.0,0.0,inf,0,0,0,0.0,0.0,inf,0,0,0,0.0,0.0,inf,0,0,0,0.0,0.0,9.154053
exp,250,80,80,0.3,20,2,1.0,0,0,0,0,0,0,0.0,0.0,0.0,0.0,0,0,0,0,0,0,0.0,0.0,0.0,0.0,inf,0,0,0,0.0,0.0,inf,0,0,0,0.0,0.0,inf,0,0,0,0.0,0.0,inf,0,0,0,0.0,0.0,9.094813
exp,250,80,80,0.3,20,3,1.0,0,0,0,0,0,0,0.0,0.0,0.0,0.0,0,0,0,0,0,0,0.0,0.0,0.0,0.0,inf,0,0,0,0.0,0.0,inf,0,0,0,0.0,0.0,inf,0,0,0,0.0,0.0,inf,0,0,0,0.0,0.0,9.008328
exp,250,80,80,0.3,20,4,1.0,0,0,0,0,0,0,0.0,0.0,0.0,0.0,0,0,0,0,0,0,0.0,0.0,0.0,0.0,inf,0,0,0,0.0,0.0,inf,0,0,0,0.0,0.0,inf,0,0,0,0.0,0.0,inf,0,0,0,0.0,0.0,8.880262
exp,250,80,80,0.3,20,5,1.0,0,0,0,0,0,0,0.0,0.0,0.0,0.0,0,0,0,0,0,0,0.0,0.0,0.0,0.0,inf,0,0,0,0.0,0.0,inf,0,0,0,0.0,0.0,inf,0,0,0,0.0,0.0,inf,0,0,0,0.0,0.0,9.204924
exp,250,80,80,0.3,20,6,1.0,0,0,0,0,0,0,0.0,0.0,0.0,0.0,0,0,0,0,0,0,0.0,0.0,0.0,0.0,inf,0,0,0,0.0,0.0,inf,0,0,0,0.0,0.0,inf,0,0,0,0.0,0.0,inf,0,0,0,0.0,0.0,9.066357
exp,250,80,80,0.3,20,7,1.0,0,0,0,0,0,0,0.0,0.0,0.0,0.0,0,0,0,0,0,0,0.0,0.0,0.0,0.0,inf,0,0,0,0.0,0.0,inf,0,0,0,0.0,0.0,inf,0,0,0,0.0,0.0,inf,0,0,0,0.0,0.0,9.108491
exp,250,80,80,0.3,20,8,1.0,0,0,0,0,0,0,0.0,0.0,0.0,0.0,0,0,0,0,0,0,0.0,0.0,0.0,0.0,inf,0,0,0,0.0,0.0,inf,0,0,0,0.0,0.0,inf,0,0,0,0.0,0.0,inf,0,0,0,0.0,0.0,8.92369
exp,250,80,80,0.3,20,9,1.0,0,0,0,0,0,0,0.0,0.0,0.0,0.0,0,0,0,0,0,0,0.0,0.0,0.0,0.0,inf,0,0,0,0.0,0.0,inf,0,0,0,0.0,0.0,inf,0,0,0,0.0,0.0,inf,0,0,0,0.0,0.0,9.031031
exp,250,80,80,0.3,20,10,1.0,0,0,0,0,0,0,0.0,0.0,0.0,0.0,0,0,0,0,0,0,0.0,0.0,0.0,0.0,inf,0,0,0,0.0,0.0,inf,0,0,0,0.0,0.0,inf,0,0,0,0.0,0.0,inf,0,0,0,0.0,0.0,9.405427
exp,250,80,80,0.3,20,11,1.0,0,0,0,0,0,0,0.0,0.0,0.0,0.0,0,0,0,0,0,0,0.0,0.0,0.0,0.0,inf,0,0,0,0.0,0.0,inf,0,0,0,0.0,0.0,inf,0,0,0,0.0,0.0,inf,0,0,0,0.0,0.0,9.129626
exp,250,80,80,0.3,20,12,1.0,0,0,0,0,0,0,0.0,0.0,0.0,0.0,0,0,0,0,0,0,0.0,0.0,0.0,0.0,inf,0,0,0,0.0,0.0,inf,0,0,0,0.0,0.0,inf,0,0,0,0.0,0.0,inf,0,0,0,0.0,0.0,9.03876
exp,250,80,80,0.3,20,13,1.0,0,0,0,0,0,0,0.0,0.0,0.0,0.0,0,0,0,0,0,0,0.0,0.0,0.0,0.0,inf,0,0,0,0.0,0.0,inf,0,0,0,0.0,0.0,inf,0,0,0,0.0,0.0,inf,0,0,0,0.0,0.0,9.30926
exp,250,80,80,0.3,20,14,1.0,0,0,0,0,0,0,0.0,0.0,0.0,0.0,0,0,0,0,0,0,0.0,0.0,0.0,0.0,inf,0,0,0,0.0,0.0,inf,0,0,0,0.0,0.0,inf,0,0,0,0.0,0.0,inf,0,0,0,0.0,0.0,9.197007
exp,250,80,80,0.3,20,15,1.0,0,0,0,0,0,0,0.0,0.0,0.0,0.0,0,0,0,0,0,0,0.0,0.0,0.0,0.0,inf,0,0,0,0.0,0.0,inf,0,0,0,0.0,0.0,inf,0,0,0,0.0,0.0,inf,0,0,0,0.0,0.0,9.120961
exp,250,80,80,0.3,20,16,1.0,0,0,0,0,0,0,0.0,0.0,0.0,0.0,0,0,0,0,0,0,0.0,0.0,0.0,0.0,inf,0,0,0,0.0,0.0,inf,0,0,0,0.0,0.0,inf,0,0,0,0.0,0.0,inf,0,0,0,0.0,0.0,8.958837
exp,250,80,80,0.3,20,17,1.0,0,0,0,0,0,0,0.0,0.0,0.0,0.0,0,0,0,0,0,0,0.0,0.0,0.0,0.0,inf,0,0,0,0.0,0.0,inf,0,0,0,0.0,0.0,inf,0,0,0,0.0,0.0,inf,0,0,0,0.0,0.0,9.116301
exp,250,80,80,0.3,20,18,1.0,0,0,0,0,0,0,0.0,0.0,0.0,0.0,0,0,0,0,0,0,0.0,0.0,0.0,0.0,inf,0,0,0,0.0,0.0,inf,0,0,0,0.0,0.0,inf,0,0,0,0.0,0.0,inf,0,0,0,0.0,0.0,9.307151
exp,250,80,80,0.3,20,19,1.0,0,0,0,0,0,0,0.0,0.0,0.0,0.0,0,0,0,0,0,0,0.0,0.0,0.0,0.0,inf,0,0,0,0.0,0.0,inf,0,0,0,0.0,0.0,inf,0,0,0,0.0,0.0,inf,0,0,0,0.0,0.0,9.243329
