model,p,n1,n2,rho,block,seed,k_b,R_bh_0.05,V_bh_0.05,S_bh_0.05,R_by_0.05,V_by_0.05,S_by_0.05,fdr_bh_0.05,power_bh_0.05,fdr_by_0.05,power_by_0.05,R_bh_0.1,V_bh_0.1,S_bh_0.1,R_by_0.1,V_by_0.1,S_by_0.1,fdr_bh_0.1,power_bh_0.1,fdr_by_0.1,power_by_0.1,t_lct_0.05,R_lct_0.05,V_lct_0.05,S_lct_0.05,fdr_lct_0.05,power_lct_0.05,t_lct_0.1,R_lct_0.1,V_lct_0.1,S_lct_0.1,fdr_lct_0.1,power_lct_0.1,t_lctb_0.05_B100,R_lctb_0.05_B100,V_lctb_0.05_B100,S_lctb_0.05_B100,fdr_lctb_0.05_B100,power_lctb_0.05_B100,t_lctb_0.1_B100,R_lctb_0.1_B100,V_lctb_0.1_B100,S_lctb_0.1_B100,fdr_lctb_0.1_B100,power_lctb_0.1_B100,wall_time_s
laplace,250,80,80,0.3,20,0,0.7071067811865475,0,0,0,0,0,0,0.0,0.0,0.0,0.0,0,0,0,0,0,0,0.0,0.0,0.0,0.0,inf,0,0,0,0.0,0.0,inf,0,0,0,0.0,0.0,inf,0,0,0,0.0,0.0,inf,0,0,0,0.0,0.0,9.501494
laplace,250,80,80,0.3,20,1,0.7071067811865475,0,0,0,0,0,0,0.0,0.0,0.0,0.0,0,0,0,0,0,0,0.0,0.0,0.0,0.0,inf,0,0,0,0.0,0.0,inf,0,0,0,0.0,0.0,inf,0,0,0,0.0,0.0,inf,0,0,0,0.0,0.0,9.025715
laplace,250,80,80,0.3,20,2,0.7071067811865475,0,0,0,0,0,0,0.0,0.0,0.0,0.0,0,0,0,0,0,0,0.0,0.0,0.0,0.0,inf,0,0,0,0.0,0.0,inf,0,0,0,0.0,0.0,inf,0,0,0,0.0,0.0,inf,0,0,0,0.0,0.0,9.533958
laplace,250,80,80,0.3,20,3,0.7071067811865475,0,0,0,0,0,0,0.0,0.0,0.0,0.0,0,0,0,0,0,0,0.0,0.0,0.0,0.0,inf,0,0,0,0.0,0.0,inf,0,0,0,0.0,0.0,inf,0,0,0,0.0,0.0,inf,0,0,0,0.0,0.0,9.146522
laplace,250,80,80,0.3,20,4,0.7071067811865475,0,0,0,0,0,0,0.0,0.0,0.0,0.0,0,0,0,0,0,0,0.0,0.0,0.0,0.0,inf,0,0,0,0.0,0.0,inf,0,0,0,0.0,0.0,inf,0,0,0,0.0,0.0,inf,0,0,0,0.0,0.0,8.90856
laplace,250,80,80,0.3,20,5,0.7071067811865475,0,0,0,0,0,0,0.0,0.0,0.0,0.0,0,0,0,0,0,0,0.0,0.0,0.0,0.0,inf,0,0,0,0.0,0.0,inf,0,0,0,0.0,0.0,inf,0,0,0,0.0,0.0,inf,0,0,0,0.0,0.0,8.883916
laplace,250,80,80,0.3,20,6,0.7071067811865475,0,0,0,0,0,0,0.0,0.0,0.0,0.0,0,0,0,0,0,0,0.0,0.0,0.0,0.0,inf,0,0,0,0.0,0.0,inf,0,0,0,0.0,0.0,inf,0,0,0,0.0,0.0,inf,0,0,0,0.0,0.0,9.214331
laplace,250,80,80,0.3,20,7,0.7071067811865475,0,0,0,0,0,0,0.0,0.0,0.0,0.0,0,0,0,0,0,0,0.0,0.0,0.0,0.0,inf,0,0,0,0.0,0.0,inf,0,0,0,0.0,0.0,inf,0,0,0,0.0,0.0,inf,0,0,0,0.0,0.0,9.020209
laplace,250,80,80,0.3,20,8,0.7071067811865475,0,0,0,0,0,0,0.0,0.0,0.0,0.0,0,0,0,0,0,0,0.0,0.0,0.0,0.0,inf,0,0,0,0.0,0.0,inf,0,0,0,0.0,0.0,inf,0,0,0,0.0,0.0,inf,0,0,0,0.0,0.0,9.010587
laplace,250,80,80,0.3,20,9,0.7071067811865475,0,0,0,0,0,0,0.0,0.0,0.0,0.0,0,0,0,0,0,0,0.0,0.0,0.0,0.0,inf,0,0,0,0.0,0.0,inf,0,0,0,0.0,0.0,inf,0,0,0,0.0,0.0,inf,0,0,0,0.0,0.0,9.068476
laplace,250,80,80,0.3,20,10,0.7071067811865475,0,0,0,0,0,0,0.0,0.0,0.0,0.0,0,0,0,0,0,0,0.0,0.0,0.0,0.0,inf,0,0,0,0.0,0.0,inf,0,0,0,0.0,0.0,inf,0,0,0,0.0,0.0,inf,0,0,0,0.0,0.0,8.94279
laplace,250,80,80,0.3,20,11,0.7071067811865475,0,0,0,0,0,0,0.0,0.0,0.0,0.0,0,0,0,0,0,0,0.0,0.0,0.0,0.0,inf,0,0,0,0.0,0.0,inf,0,0,0,0.0,0.0,inf,0,0,0,0.0,0.0,inf,0,0,0,0.0,0.0,8.998635
laplace,250,80,80,0.3,20,12,0.7071067811865475,0,0,0,0,0,0,0.0,0.0,0.0,0.0,0,0,0,0,0,0,0.0,0.0,0.0,0.0,inf,0,0,0,0.0,0.0,inf,0,0,0,0.0,0.0,inf,0,0,0,0.0,0.0,inf,0,0,0,0.0,0.0,8.852481
laplace,250,80,80,0.3,20,13,0.7071067811865475,0,0,0,0,0,0,0.0,0.0,0.0,0.0,0,0,0,0,0,0,0.0,0.0,0.0,0.0,inf,0,0,0,0.0,0.0,inf,0,0,0,0.0,0.0,inf,0,0,0,0.0,0.0,inf,0,0,0,0.0,0.0,8.932116
laplace,250,80,80,0.3,20,14,0.7071067811865475,0,0,0,0,0,0,0.0,0.0,0.0,0.0,0,0,0,0,0,0,0.0,0.0,0.0,0.0,inf,0,0,0,0.0,0.0,inf,0,0,0,0.0,0.0,inf,0,0,0,0.0,0.0,inf,0,0,0,0.0,0.0,9.064788
laplace,250,80,80,0.3,20,15,0.7071067811865475,0,0,0,0,0,0,0.0,0.0,0.0,0.0,0,0,0,0,0,0,0.0,0.0,0.0,0.0,inf,0,0,0,0.0,0.0,inf,0,0,0,0.0,0.0,inf,0,0,0,0.0,0.0,inf,0,0,0,0.0,0.0,8.903025
laplace,250,80,80,0.3,20,16,0.7071067811865475,0,0,0,0,0,0,0.0,0.0,0.0,0.0,0,0,0,0,0,0,0.0,0.0,0.0,0.0,inf,0,0,0,0.0,0.0,inf,0,0,0,0.0,0.0,inf,0,0,0,0.0,0.0,inf,0,0,0,0.0,0.0,9.022335
laplace,250,80,80,0.3,20,17,0.7071067811865475,0,0,0,0,0,0,0.0,0.0,0.0,0.0,0,0,0,0,0,0,0.0,0.0,0.0,0.0,inf,0,0,0,0.0,0.0,inf,0,0,0,0.0,0.0,inf,0,0,0,0.0,0.0,inf,0,0,0,0.0,0.0,9.026654
laplace,250,80,80,0.3,20,18,0.7071067811865475,0,0,0,0,0,0,0.0,0.0,0.0,0.0,0,0,0,0,0,0,0.0,0.0,0.0,0.0,inf,0,0,0,0.0,0.0,inf,0,0,0,0.0,0.0,inf,0,0,0,0.0,0.0,inf,0,0,0,0.0,0.0,9.03289
laplace,250,80,80,0.3,20,19,0.7071067811865475,0,0,0,0,0,0,0.0,0.0,0.0,0.0,0,0,0,0,0,0,0.0,0.0,0.0,0.0,inf,0,0,0,0.0,0.0,inf,0,0,0,0.0,0.0,inf,0,0,0,0.0,0.0,inf,0,0,0,0.0,0.0,8.989833
