model,p,n1,n2,rho,block,seed,k_df,R_bh_0.05,V_bh_0.05,S_bh_0.05,R_by_0.05,V_by_0.05,S_by_0.05,fdr_bh_0.05,power_bh_0.05,fdr_by_0.05,power_by_0.05,R_bh_0.1,V_bh_0.1,S_bh_0.1,R_by_0.1,V_by_0.1,S_by_0.1,fdr_bh_0.1,power_bh_0.1,fdr_by_0.1,power_by_0.1,t_lct_0.05,R_lct_0.05,V_lct_0.05,S_lct_0.05,fdr_lct_0.05,power_lct_0.05,t_lct_0.1,R_lct_0.1,V_lct_0.1,S_lct_0.1,fdr_lct_0.1,power_lct_0.1,t_lctb_0.05_B100,R_lctb_0.05_B100,V_lctb_0.05_B100,S_lctb_0.05_B100,fdr_lctb_0.05_B100,power_lctb_0.05_B100,t_lctb_0.1_B100,R_lctb_0.1_B100,V_lctb_0.1_B100,S_lctb_0.1_B100,fdr_lctb_0.1_B100,power_lctb_0.1_B100,wall_time_s
t,250,80,80,0.3,20,0,6,0,0,0,0,0,0,0.0,0.0,0.0,0.0,0,0,0,0,0,0,0.0,0.0,0.0,0.0,inf,0,0,0,0.0,0.0,inf,0,0,0,0.0,0.0,inf,0,0,0,0.0,0.0,inf,0,0,0,0.0,0.0,9.45446
t,250,80,80,0.3,20,1,6,0,0,0,0,0,0,0.0,0.0,0.0,0.0,0,0,0,0,0,0,0.0,0.0,0.0,0.0,inf,0,0,0,0.0,0.0,inf,0,0,0,0.0,0.0,inf,0,0,0,0.0,0.0,inf,0,0,0,0.0,0.0,8.831895
t,250,80,80,0.3,20,2,6,0,0,0,0,0,0,0.0,0.0,0.0,0.0,0,0,0,0,0,0,0.0,0.0,0.0,0.0,inf,0,0,0,0.0,0.0,inf,0,0,0,0.0,0.0,inf,0,0,0,0.0,0.0,inf,0,0,0,0.0,0.0,9.085451
t,250,80,80,0.3,20,3,6,0,0,0,0,0,0,0.0,0.0,0.0,0.0,0,0,0,0,0,0,0.0,0.0,0.0,0.0,inf,0,0,0,0.0,0.0,inf,0,0,0,0.0,0.0,inf,0,0,0,0.0,0.0,inf,0,0,0,0.0,0.0,9.575456
t,250,80,80,0.3,20,4,6,0,0,0,0,0,0,0.0,0.0,0.0,0.0,0,0,0,0,0,0,0.0,0.0,0.0,0.0,inf,0,0,0,0.0,0.0,inf,0,0,0,0.0,0.0,inf,0,0,0,0.0,0.0,inf,0,0,0,0.0,0.0,9.045007
t,250,80,80,0.3,20,5,6,0,0,0,0,0,0,0.0,0.0,0.0,0.0,0,0,0,0,0,0,0.0,0.0,0.0,0.0,inf,0,0,0,0.0,0.0,inf,0,0,0,0.0,0.0,inf,0,0,0,0.0,0.0,inf,0,0,0,0.0,0.0,9.104966
t,250,80,80,0.3,20,6,6,0,0,0,0,0,0,0.0,0.0,0.0,0.0,0,0,0,0,0,0,0.0,0.0,0.0,0.0,inf,0,0,0,0.0,0.0,inf,0,0,0,0.0,0.0,inf,0,0,0,0.0,0.0,inf,0,0,0,0.0,0.0,9.109671
t,250,80,80,0.3,20,7,6,0,0,0,0,0,0,0.0,0.0,0.0,0.0,0,0,0,0,0,0,0.0,0.0,0.0,0.0,inf,0,0,0,0.0,0.0,inf,0,0,0,0.0,0.0,inf,0,0,0,0.0,0.0,inf,0,0,0,0.0,0.0,9.097313
t,250,80,80,0.3,20,8,6,0,0,0,0,0,0,0.0,0.0,0.0,0.0,0,0,0,0,0,0,0.0,0.0,0.0,0.0,inf,0,0,0,0.0,0.0,inf,0,0,0,0.0,0.0,inf,0,0,0,0.0,0.0,inf,0,0,0,0.0,0.0,8.916288
t,250,80,80,0.3,20,9,6,0,0,0,0,0,0,0.0,0.0,0.0,0.0,3,3,0,0,0,0,1.0,0.0,0.0,0.0,inf,0,0,0,0.0,0.0,inf,0,0,0,0.0,0.0,inf,0,0,0,0.0,0.0,inf,0,0,0,0.0,0.0,8.975515
t,250,80,80,0.3,20,10,6,9,7,2,0,0,0,0.7777777777777778,0.010526315789473684,0.0,0.0,55,41,14,0,0,0,0.7454545454545455,0.07368421052631578,0.0,0.0,inf,0,0,0,0.0,0.0,inf,0,0,0,0.0,0.0,inf,0,0,0,0.0,0.0,inf,0,0,0,0.0,0.0,9.139324
t,250,80,80,0.3,20,11,6,0,0,0,0,0,0,0.0,0.0,0.0,0.0,0,0,0,0,0,0,0.0,0.0,0.0,0.0,inf,0,0,0,0.0,0.0,inf,0,0,0,0.0,0.0,inf,0,0,0,0.0,0.0,inf,0,0,0,0.0,0.0,9.037769
t,250,80,80,0.3,20,12,6,0,0,0,0,0,0,0.0,0.0,0.0,0.0,0,0,0,0,0,0,0.0,0.0,0.0,0.0,inf,0,0,0,0.0,0.0,inf,0,0,0,0.0,0.0,inf,0,0,0,0.0,0.0,inf,0,0,0,0.0,0.0,9.076205
t,250,80,80,0.3,20,13,6,0,0,0,0,0,0,0.0,0.0,0.0,0.0,0,0,0,0,0,0,0.0,0.0,0.0,0.0,inf,0,0,0,0.0,0.0,inf,0,0,0,0.0,0.0,inf,0,0,0,0.0,0.0,inf,0,0,0,0.0,0.0,9.101075
t,250,80,80,0.3,20,14,6,0,0,0,0,0,0,0.0,0.0,0.0,0.0,0,0,0,0,0,0,0.0,0.0,0.0,0.0,inf,0,0,0,0.0,0.0,inf,0,0,0,0.0,0.0,inf,0,0,0,0.0,0.0,inf,0,0,0,0.0,0.0,8.913343
t,250,80,80,0.3,20,15,6,0,0,0,0,0,0,0.0,0.0,0.0,0.0,0,0,0,0,0,0,0.0,0.0,0.0,0.0,inf,0,0,0,0.0,0.0,inf,0,0,0,0.0,0.0,inf,0,0,0,0.0,0.0,inf,0,0,0,0.0,0.0,8.961979
t,250,80,80,0.3,20,16,6,0,0,0,0,0,0,0.0,0.0,0.0,0.0,0,0,0,0,0,0,0.0,0.0,0.0,0.0,inf,0,0,0,0.0,0.0,inf,0,0,0,0.0,0.0,inf,0,0,0,0.0,0.0,inf,0,0,0,0.0,0.0,8.766456
t,250,80,80,0.3,20,17,6,0,0,0,0,0,0,0.0,0.0,0.0,0.0,0,0,0,0,0,0,0.0,0.0,0.0,0.0,inf,0,0,0,0.0,0.0,inf,0,0,0,0.0,0.0,inf,0,0,0,0.0,0.0,inf,0,0,0,0.0,0.0,9.047742
t,250,80,80,0.3,20,18,6,0,0,0,0,0,0,0.0,0.0,0.0,0.0,0,0,0,0,0,0,0.0,0.0,0.0,0.0,inf,0,0,0,0.0,0.0,inf,0,0,0,0.0,0.0,inf,0,0,0,0.0,0.0,inf,0,0,0,0.0,0.0,9.055532
t,250,80,80,0.3,20,19,6,0,0,0,0,0,0,0.0,0.0,0.0,0.0,0,0,0,0,0,0,0.0,0.0,0.0,0.0,inf,0,0,0,0.0,0.0,inf,0,0,0,0.0,0.0,inf,0,0,0,0.0,0.0,inf,0,0,0,0.0,0.0,9.056857
